"AZIENDA_PARTECIPANTE__C","BADGE_PARTECIPANTE__C","COGNOME_PARTECIPANTE__C","CREATEDBYID","CREATEDDATE","DATA_ORA_RISPOSTA__C","DOMANDA_QUESTIONARIO__C","IP__C","ID","ISDELETED","LASTMODIFIEDBYID","LASTMODIFIEDDATE","LASTREFERENCEDDATE","LASTVIEWEDDATE","MESE_DI_RIFERIMENTO__C","NAME","NOME_PARTECIPANTE__C","NOME_SPEAKER__C","NOME_WORKSHOP__C","ORDINE_DOMANDA__C","OWNERID","PAGINA_DOMANDA__C","PARTECIPAZIONE_EVENTO__C","SEZIONE_DOMANDA__C","STATO_PARTECIPANTE__C","SYSTEMMODSTAMP","UTENTE__C","VALORE_NUMERICO__C","VALORE_TESTUALE_LUNGO__C","VALORE_TESTUALE__C"
"","","","0050E00000527RMQAY","2020-03-26T09:28:42.000Z","2020-03-26T09:28:42.000Z","a0X0E000003dINhUAM","","a0Z0E000002wMEzUAM","false","0050E00000527RMQAY","2020-03-26T09:28:42.000Z","","","3.0","R-036302","","","","2.0","0050E00000527RMQAY","0.0","","0.0","","2020-03-26T09:28:42.000Z","a4n0E000000n1bHQAQ","5.0","","Molto"
"","","","0050E00000527RMQAY","2020-03-26T09:28:34.000Z","2020-03-26T09:28:34.000Z","a0X0E000003dINiUAM","","a0Z0E000002wMEaUAM","false","0050E00000527RMQAY","2020-03-26T09:28:34.000Z","","","3.0","R-036297","","","","3.0","0050E00000527RMQAY","0.0","","0.0","","2020-03-26T09:28:34.000Z","a4n0E000000n1bHQAQ","5.0","","Molto"
"","","","0050E00000527RMQAY","2020-03-26T09:28:43.000Z","2020-03-26T09:28:43.000Z","a0X0E000003dINuUAM","","a0Z0E000002wMF4UAM","false","0050E00000527RMQAY","2020-03-26T09:28:43.000Z","","","3.0","R-036303","","","","14.0","0050E00000527RMQAY","0.0","","0.0","","2020-03-26T09:28:43.000Z","a4n0E000000n1bHQAQ","5.0","","Molto"
"","","","0050E00000527RMQAY","2020-03-26T09:28:45.000Z","2020-03-26T09:28:45.000Z","a0X0E000003dIO3UAM","","a0Z0E000002wMF9UAM","false","0050E00000527RMQAY","2020-03-26T09:28:45.000Z","","","3.0","R-036304","","","","12.0","0050E00000527RMQAY","0.0","","0.0","","2020-03-26T09:28:45.000Z","a4n0E000000n1bHQAQ","5.0","","Molto"
"","","","0050E00000527RMQAY","2020-03-26T09:28:32.000Z","2020-03-26T09:28:32.000Z","a0X0E000003dINcUAM","","a0Z0E000002wMEVUA2","false","0050E00000527RMQAY","2020-03-26T09:28:32.000Z","","","3.0","R-036296","","","","1.0","0050E00000527RMQAY","0.0","","0.0","","2020-03-26T09:28:32.000Z","a4n0E000000n1bHQAQ","5.0","","Molto"
"","","","0050E00000527RMQAY","2020-03-11T08:25:46.000Z","2020-03-11T08:25:46.000Z","a0X0E000003dINxUAM","","a0Z0E000002vHBdUAM","false","0050E00000527RMQAY","2020-03-11T08:25:46.000Z","","","3.0","R-036285","","","","7.0","0050E00000527RMQAY","0.0","","0.0","","2020-03-11T08:25:46.000Z","a4n0E000000n0wsQAA","4.0","","Abbastanza"
"","","","0050E00000527RMQAY","2020-03-11T08:25:51.000Z","2020-03-11T08:25:51.000Z","a0X0E000003dIO0UAM","","a0Z0E000002vHBsUAM","false","0050E00000527RMQAY","2020-03-11T08:25:51.000Z","","","3.0","R-036288","","","","9.0","0050E00000527RMQAY","0.0","","0.0","","2020-03-11T08:25:51.000Z","a4n0E000000n0wsQAA","1.0","","Insoddisfacente"
"Pastrello Corp Extra","Gold Sponsor","Braazorf","0050E000003vuszQAA","2022-04-07T14:46:48.000Z","2022-04-07T14:46:48.000Z","a0X0E000005a4IVUAY","","a0Z0E000004mOIvUAM","false","0050E000003vuszQAA","2022-04-07T14:46:48.000Z","","","4.0","R-036379","Ajeje","","","3.0","0050E000009TLUBQA4","1.0","a0H0E00000BFuxQUAT","1.0","","2022-04-07T14:46:48.000Z","","3.0","",""
"","","","0050E00000527RMQAY","2020-04-21T08:40:32.000Z","2020-04-21T08:40:32.000Z","a0X0E000003dINMUA2","","a0Z0E000002sQjxUAE","false","0050E00000527RMQAY","2020-04-21T08:40:32.000Z","","","4.0","R-036334","","","","12.0","0050E00000527RMQAY","0.0","","0.0","","2020-04-21T08:40:32.000Z","a4n0E000000n0wsQAA","3.0","","In linea"
"","","","0050E00000527RMQAY","2020-04-21T08:40:45.000Z","2020-04-21T08:40:45.000Z","a0X0E000003dINPUA2","","a0Z0E000002sQkWUAU","false","0050E00000527RMQAY","2020-04-21T08:40:45.000Z","","","4.0","R-036341","","","","15.0","0050E00000527RMQAY","0.0","","0.0","","2020-04-21T08:40:45.000Z","a4n0E000000n0wsQAA","3.0","","Sufficientemente"
"","","","0050E00000527RMQAY","2020-03-06T14:06:11.000Z","2020-03-06T14:06:11.000Z","a0X0E000003dINfUAM","","a0Z0E000002uw9tUAA","false","0050E00000527RMQAY","2020-03-06T14:06:11.000Z","","","3.0","R-036276","","","","2.0","0050E00000527RMQAY","0.0","","0.0","","2020-03-06T14:06:11.000Z","a4n0E000000n0wsQAA","3.0","","Non del tutto"
"","","","0050E00000527RMQAY","2020-03-06T14:06:18.000Z","2020-03-06T14:06:18.000Z","a0X0E000003dINnUAM","","a0Z0E000002uwA3UAI","false","0050E00000527RMQAY","2020-03-06T14:06:18.000Z","","","3.0","R-036279","","","","5.0","0050E00000527RMQAY","0.0","","0.0","","2020-03-06T14:06:18.000Z","a4n0E000000n0wsQAA","1.0","","Per nulla"
"","","","0050E00000527RMQAY","2020-03-26T09:28:37.000Z","2020-03-26T09:28:37.000Z","a0X0E000003dINgUAM","","a0Z0E000002wMEkUAM","false","0050E00000527RMQAY","2020-03-26T09:28:37.000Z","","","3.0","R-036299","","","","2.0","0050E00000527RMQAY","0.0","","0.0","","2020-03-26T09:28:37.000Z","a4n0E000000n1bHQAQ","5.0","","Molto"
"","","","0050E00000527RMQAY","2020-03-06T14:06:14.000Z","2020-03-06T14:06:14.000Z","a0X0E000003dINjUAM","","a0Z0E000002uw9yUAA","false","0050E00000527RMQAY","2020-03-06T14:06:14.000Z","","","3.0","R-036277","","","","3.0","0050E00000527RMQAY","0.0","","0.0","","2020-03-06T14:06:14.000Z","a4n0E000000n0wsQAA","2.0","","Poco"
"","","","0050E00000527RMQAY","2020-03-06T14:06:24.000Z","2020-03-06T14:06:24.000Z","a0X0E000003dINrUAM","","a0Z0E000002uwA8UAI","false","0050E00000527RMQAY","2020-03-06T14:06:24.000Z","","","3.0","R-036280","","","","6.0","0050E00000527RMQAY","0.0","","0.0","","2020-03-06T14:06:24.000Z","a4n0E000000n0wsQAA","4.0","","Abbastanza"
"","","","0050E00000527RMQAY","2020-03-26T09:28:36.000Z","2020-03-26T09:28:36.000Z","a0X0E000003dINkUAM","","a0Z0E000002wMEfUAM","false","0050E00000527RMQAY","2020-03-26T09:28:36.000Z","","","3.0","R-036298","","","","4.0","0050E00000527RMQAY","0.0","","0.0","","2020-03-26T09:28:36.000Z","a4n0E000000n1bHQAQ","5.0","","Ottima"
"","","","0050E00000527RMQAY","2020-03-06T14:06:08.000Z","2020-03-06T14:06:08.000Z","a0X0E000003dINdUAM","","a0Z0E000002uw9oUAA","false","0050E00000527RMQAY","2020-03-06T14:06:08.000Z","","","3.0","R-036275","","","","1.0","0050E00000527RMQAY","0.0","","0.0","","2020-03-06T14:06:09.000Z","a4n0E000000n0wsQAA","5.0","","Molto"
"","","","0050E00000527RMQAY","2020-03-06T14:06:16.000Z","2020-03-06T14:06:16.000Z","a0X0E000003dINlUAM","","a0Z0E000002uw9pUAA","false","0050E00000527RMQAY","2020-03-06T14:06:16.000Z","","","3.0","R-036278","","","","4.0","0050E00000527RMQAY","0.0","","0.0","","2020-03-06T14:06:16.000Z","a4n0E000000n0wsQAA","2.0","","Poco soddisfacente"
"","","","0050E00000527RMQAY","2020-02-24T08:47:55.000Z","2020-02-24T08:47:55.000Z","a0X0E000003dIMLUA2","","a0Z0E000002lY7nUAE","false","0050E00000527RMQAY","2020-02-24T08:47:55.000Z","","","2.0","R-036262","","","","23.0","0050E00000527RMQAY","0.0","","0.0","","2020-02-24T08:47:55.000Z","a4n0E000000n0wsQAA","5.0","","Molto"
"","","","0050E00000527RMQAY","2020-02-24T08:47:57.000Z","2020-02-24T08:47:57.000Z","a0X0E000003dINCUA2","","a0Z0E000002lY7sUAE","false","0050E00000527RMQAY","2020-02-24T08:47:57.000Z","","","2.0","R-036263","","","","23.0","0050E00000527RMQAY","0.0","","0.0","","2020-02-24T08:47:57.000Z","a4n0E000000n0wsQAA","5.0","","Molto"
"","","","0050E00000527RMQAY","2020-04-21T08:40:43.000Z","2020-04-21T08:40:43.000Z","a0X0E000003dIMaUAM","","a0Z0E000002sQkRUAU","false","0050E00000527RMQAY","2020-04-21T08:40:43.000Z","","","4.0","R-036340","","","","15.0","0050E00000527RMQAY","0.0","","0.0","","2020-04-21T08:40:43.000Z","a4n0E000000n0wsQAA","3.0","","Sufficientemente"
"","","","0050E00000527RMQAY","2020-04-21T08:40:28.000Z","2020-04-21T08:40:28.000Z","a0X0E000003dINZUA2","","a0Z0E000002sQjnUAE","false","0050E00000527RMQAY","2020-04-21T08:40:28.000Z","","","4.0","R-036332","","","","6.0","0050E00000527RMQAY","0.0","","0.0","","2020-04-21T08:40:28.000Z","a4n0E000000n0wsQAA","3.0","","Sufficientemente"
"","","","0050E00000527RMQAY","2020-04-21T08:40:38.000Z","2020-04-21T08:40:38.000Z","a0X0E000003diVWUAY","","a0Z0E000002sQkCUAU","false","0050E00000527RMQAY","2020-04-21T08:40:38.000Z","","","4.0","R-036337","","","","10.0","0050E00000527RMQAY","0.0","","0.0","","2020-04-21T08:40:38.000Z","a4n0E000000n0wsQAA","5.0","","Molto"
"","","","0050E00000527RMQAY","2020-04-21T08:40:26.000Z","2020-04-21T08:40:26.000Z","a0X0E000003dIMkUAM","","a0Z0E000002sQjiUAE","false","0050E00000527RMQAY","2020-04-21T08:40:26.000Z","","","4.0","R-036331","","","","6.0","0050E00000527RMQAY","0.0","","0.0","","2020-04-21T08:40:26.000Z","a4n0E000000n0wsQAA","4.0","","Abbastanza"
"","","","0050E00000527RMQAY","2020-04-21T08:40:57.000Z","2020-04-21T08:40:57.000Z","a0X0E000003dINTUA2","","a0Z0E000002sQjtUAE","false","0050E00000527RMQAY","2020-04-21T08:40:57.000Z","","","4.0","R-036348","","","","19.0","0050E00000527RMQAY","0.0","","0.0","","2020-04-21T08:40:57.000Z","a4n0E000000n0wsQAA","3.0","","Sufficiente"
"","","","0050E00000527RMQAY","2020-04-21T08:40:40.000Z","2020-04-21T08:40:40.000Z","a0X0E000003dIMZUA2","","a0Z0E000002sQkHUAU","false","0050E00000527RMQAY","2020-04-21T08:40:40.000Z","","","4.0","R-036338","","","","14.0","0050E00000527RMQAY","0.0","","0.0","","2020-04-21T08:40:40.000Z","a4n0E000000n0wsQAA","3.0","","Sufficientemente"
"","","","0050E00000527RMQAY","2020-02-20T13:27:10.000Z","2020-02-20T13:27:10.000Z","a0X0E000003dIMEUA2","","a0Z0E000002lNf1UAE","false","0050E00000527RMQAY","2020-02-20T13:27:10.000Z","","","2.0","R-036218","","","","2.0","0050E00000527RMQAY","0.0","","0.0","","2020-02-20T13:27:10.000Z","a4n0E000000n1bHQAQ","3.0","","Sufficientemente"
"","","","0050E00000527RMQAY","2020-02-20T13:27:14.000Z","2020-02-20T13:27:14.000Z","a0X0E000003dIMFUA2","","a0Z0E000002lNfBUAU","false","0050E00000527RMQAY","2020-02-20T13:27:14.000Z","","","2.0","R-036220","","","","3.0","0050E00000527RMQAY","0.0","","0.0","","2020-02-20T13:27:14.000Z","a4n0E000000n1bHQAQ","3.0","","Sufficientemente"
"","","","0050E00000527RMQAY","2020-02-20T13:27:17.000Z","2020-02-20T13:27:17.000Z","a0X0E000003dIMHUA2","","a0Z0E000002lNfLUAU","false","0050E00000527RMQAY","2020-02-20T13:27:17.000Z","","","2.0","R-036222","","","","5.0","0050E00000527RMQAY","0.0","","0.0","","2020-02-20T13:27:17.000Z","a4n0E000000n1bHQAQ","3.0","","Mediamente"
"","","","0050E00000527RMQAY","2020-02-20T13:27:23.000Z","2020-02-20T13:27:23.000Z","a0X0E000003dIO6UAM","","a0Z0E000002lNfVUAU","false","0050E00000527RMQAY","2020-02-20T13:27:23.000Z","","","2.0","R-036225","","","","13.0","0050E00000527RMQAY","0.0","","0.0","","2020-02-20T13:27:23.000Z","a4n0E000000n1bHQAQ","3.0","","Sufficientemente"
"","","","0050E00000527RMQAY","2020-02-20T13:27:34.000Z","2020-02-20T13:27:34.000Z","a0X0E000003dIM6UAM","","a0Z0E000002lNfuUAE","false","0050E00000527RMQAY","2020-02-20T13:27:34.000Z","","","2.0","R-036231","","","","13.0","0050E00000527RMQAY","0.0","","0.0","","2020-02-20T13:27:34.000Z","a4n0E000000n1bHQAQ","3.0","","Mediamente"
"","","","0050E00000527RMQAY","2020-02-20T13:27:38.000Z","2020-02-20T13:27:38.000Z","a0X0E000003dIM8UAM","","a0Z0E000002lNg4UAE","false","0050E00000527RMQAY","2020-02-20T13:27:38.000Z","","","2.0","R-036233","","","","15.0","0050E00000527RMQAY","0.0","","0.0","","2020-02-20T13:27:38.000Z","a4n0E000000n1bHQAQ","3.0","","Sufficientemente"
"","","","0050E00000527RMQAY","2020-02-20T13:27:40.000Z","2020-02-20T13:27:40.000Z","a0X0E000003dIM9UAM","","a0Z0E000002lNfWUAU","false","0050E00000527RMQAY","2020-02-20T13:27:40.000Z","","","2.0","R-036234","","","","16.0","0050E00000527RMQAY","0.0","","0.0","","2020-02-20T13:27:40.000Z","a4n0E000000n1bHQAQ","3.0","","Sufficientemente"
"","","","0050E00000527RMQAY","2020-03-26T09:28:41.000Z","2020-03-26T09:28:41.000Z","a0X0E000003dINsUAM","","a0Z0E000002wMEuUAM","false","0050E00000527RMQAY","2020-03-26T09:28:41.000Z","","","3.0","R-036301","","","","6.0","0050E00000527RMQAY","0.0","","0.0","","2020-03-26T09:28:41.000Z","a4n0E000000n1bHQAQ","5.0","","Molto"
"","","","0050E00000527RMQAY","2020-02-20T13:27:09.000Z","2020-02-20T13:27:09.000Z","a0X0E000003dIMDUA2","","a0Z0E000002lNewUAE","false","0050E00000527RMQAY","2020-02-20T13:27:09.000Z","","","2.0","R-036217","","","","1.0","0050E00000527RMQAY","0.0","","0.0","","2020-02-20T13:27:09.000Z","a4n0E000000n1bHQAQ","3.0","","Sufficientemente"
"","","","0050E00000527RMQAY","2020-02-20T13:27:19.000Z","2020-02-20T13:27:19.000Z","a0X0E000003dIMIUA2","","a0Z0E000002lNfCUAU","false","0050E00000527RMQAY","2020-02-20T13:27:19.000Z","","","2.0","R-036223","","","","6.0","0050E00000527RMQAY","0.0","","0.0","","2020-02-20T13:27:19.000Z","a4n0E000000n1bHQAQ","3.0","","Sufficientemente"
"","","","0050E00000527RMQAY","2020-02-20T13:27:25.000Z","2020-02-20T13:27:25.000Z","a0X0E000003dIO9UAM","","a0Z0E000002lNfaUAE","false","0050E00000527RMQAY","2020-02-20T13:27:25.000Z","","","2.0","R-036226","","","","14.0","0050E00000527RMQAY","0.0","","0.0","","2020-02-20T13:27:25.000Z","a4n0E000000n1bHQAQ","3.0","","Nella media"
"","","","0050E00000527RMQAY","2020-02-20T13:27:31.000Z","2020-02-20T13:27:31.000Z","a0X0E000003dIM2UAM","","a0Z0E000002lNfbUAE","false","0050E00000527RMQAY","2020-02-20T13:27:31.000Z","","","2.0","R-036229","","","","9.0","0050E00000527RMQAY","0.0","","0.0","","2020-02-20T13:27:31.000Z","a4n0E000000n1bHQAQ","3.0","","Sufficientemente"
"","","","0050E00000527RMQAY","2020-02-20T13:27:15.000Z","2020-02-20T13:27:15.000Z","a0X0E000003dIMGUA2","","a0Z0E000002lNfGUAU","false","0050E00000527RMQAY","2020-02-20T13:27:15.000Z","","","2.0","R-036221","","","","4.0","0050E00000527RMQAY","0.0","","0.0","","2020-02-20T13:27:15.000Z","a4n0E000000n1bHQAQ","3.0","","Sufficiente"
"","","","0050E00000527RMQAY","2020-02-20T13:27:29.000Z","2020-02-20T13:27:29.000Z","a0X0E000003dIM1UAM","","a0Z0E000002lNfkUAE","false","0050E00000527RMQAY","2020-02-20T13:27:29.000Z","","","2.0","R-036228","","","","8.0","0050E00000527RMQAY","0.0","","0.0","","2020-02-20T13:27:29.000Z","a4n0E000000n1bHQAQ","3.0","","Sufficientemente"
"","","","0050E00000527RMQAY","2020-02-20T13:29:32.000Z","2020-02-20T13:29:32.000Z","a0X0E000003dIMDUA2","","a0Z0E000002lNflUAE","false","0050E00000527RMQAY","2020-02-20T13:29:32.000Z","","","2.0","R-036238","","","","1.0","0050E00000527RMQAY","0.0","","0.0","","2020-02-20T13:29:32.000Z","a4n0E000000n1bIQAQ","1.0","","Per nulla"
"","","","0050E00000527RMQAY","2020-04-21T08:40:18.000Z","2020-04-21T08:40:18.000Z","a0X0E000003dIMiUAM","","a0Z0E000002sQjOUAU","false","0050E00000527RMQAY","2020-04-21T08:40:18.000Z","","","4.0","R-036327","","","","4.0","0050E00000527RMQAY","0.0","","0.0","","2020-04-21T08:40:18.000Z","a4n0E000000n0wsQAA","5.0","","Ottima"
"","","","0050E00000527RMQAY","2020-04-21T08:40:06.000Z","2020-04-21T08:40:06.000Z","a0X0E000003dIMfUAM","","a0Z0E000002sQizUAE","false","0050E00000527RMQAY","2020-04-21T08:40:06.000Z","","","4.0","R-036321","","","","1.0","0050E00000527RMQAY","0.0","","0.0","","2020-04-21T08:40:06.000Z","a4n0E000000n0wsQAA","5.0","","Moltissimo"
"","","","0050E00000527RMQAY","2020-04-21T08:40:11.000Z","2020-04-21T08:40:11.000Z","a0X0E000003dIMgUAM","","a0Z0E000002sQj0UAE","false","0050E00000527RMQAY","2020-04-21T08:40:11.000Z","","","4.0","R-036323","","","","2.0","0050E00000527RMQAY","0.0","","0.0","","2020-04-21T08:40:11.000Z","a4n0E000000n0wsQAA","5.0","","Molto"
"","","","0050E00000527RMQAY","2020-04-21T08:40:17.000Z","2020-04-21T08:40:16.000Z","a0X0E000003dIMhUAM","","a0Z0E000002sQjJUAU","false","0050E00000527RMQAY","2020-04-21T08:40:17.000Z","","","4.0","R-036326","","","","3.0","0050E00000527RMQAY","0.0","","0.0","","2020-04-21T08:40:17.000Z","a4n0E000000n0wsQAA","5.0","","Moltissimo"
"","","","0050E00000527RMQAY","2020-04-21T08:40:47.000Z","2020-04-21T08:40:47.000Z","a0X0E000003dINQUA2","","a0Z0E000002sQkbUAE","false","0050E00000527RMQAY","2020-04-21T08:40:47.000Z","","","4.0","R-036342","","","","16.0","0050E00000527RMQAY","0.0","","0.0","","2020-04-21T08:40:47.000Z","a4n0E000000n0wsQAA","3.0","","Sufficientemente"
"","","","0050E00000527RMQAY","2020-04-24T11:52:09.000Z","2020-04-24T11:52:09.000Z","a0X0E000003dIMgUAM","","a0Z0E000002sYsJUAU","false","0050E00000527RMQAY","2020-04-24T11:52:09.000Z","","","4.0","R-036351","","","","2.0","0050E00000527RMQAY","0.0","","0.0","","2020-04-24T11:52:09.000Z","a4n0E000000n1bHQAQ","5.0","","Molto"
"","","","0050E00000527RMQAY","2020-04-24T11:52:15.000Z","2020-04-24T11:52:15.000Z","a0X0E000003dIMiUAM","","a0Z0E000002sYsYUAU","false","0050E00000527RMQAY","2020-04-24T11:52:15.000Z","","","4.0","R-036354","","","","4.0","0050E00000527RMQAY","0.0","","0.0","","2020-04-24T11:52:15.000Z","a4n0E000000n1bHQAQ","5.0","","Ottima"
"","","","0050E00000527RMQAY","2020-04-24T11:52:03.000Z","2020-04-24T11:52:03.000Z","a0X0E000003dIMfUAM","","a0Z0E000002sYsEUAU","false","0050E00000527RMQAY","2020-04-24T11:52:03.000Z","","","4.0","R-036350","","","","1.0","0050E00000527RMQAY","0.0","","0.0","","2020-04-24T11:52:03.000Z","a4n0E000000n1bHQAQ","5.0","","Moltissimo"
"","","","0050E00000527RMQAY","2020-04-21T08:40:55.000Z","2020-04-21T08:40:55.000Z","a0X0E000003dIMdUAM","","a0Z0E000002sQkvUAE","false","0050E00000527RMQAY","2020-04-21T08:40:55.000Z","","","4.0","R-036347","","","","18.0","0050E00000527RMQAY","0.0","","0.0","","2020-04-21T08:40:55.000Z","a4n0E000000n0wsQAA","3.0","","Sufficiente"
"","","","0050E00000527RMQAY","2020-04-21T08:40:59.000Z","2020-04-21T08:40:59.000Z","a0X0E000003dIMeUAM","","a0Z0E000002sQl0UAE","false","0050E00000527RMQAY","2020-04-21T08:40:59.000Z","","","4.0","R-036349","","","","19.0","0050E00000527RMQAY","0.0","","0.0","","2020-04-21T08:40:59.000Z","a4n0E000000n0wsQAA","3.0","","Sufficiente"
"","","","0050E00000527RMQAY","2020-04-07T09:52:43.000Z","2020-04-07T09:52:43.000Z","a0X0E000003dINHUA2","","a0Z0E000002rq0WUAQ","false","0050E00000527RMQAY","2020-04-07T09:52:43.000Z","","","4.0","R-036314","","","","5.0","0050E00000527RMQAY","0.0","","0.0","","2020-04-07T09:52:43.000Z","a4n0E000000n0wsQAA","3.0","","Mediamente"
"","","","0050E00000527RMQAY","2020-04-07T09:52:33.000Z","2020-04-07T09:52:33.000Z","a0X0E000003dINFUA2","","a0Z0E000002rq0CUAQ","false","0050E00000527RMQAY","2020-04-07T09:52:33.000Z","","","4.0","R-036310","","","","3.0","0050E00000527RMQAY","0.0","","0.0","","2020-04-07T09:52:33.000Z","a4n0E000000n0wsQAA","3.0","","Sufficientemente"
"Pastrello Corp Extra","Gold Sponsor","Braazorf","0050E000009RpenQAC","2022-03-30T14:47:24.000Z","2022-04-07T14:46:37.000Z","a0X0E000005a4HmUAI","","a0Z0E000004lXQWUA2","false","0050E000003vuszQAA","2022-04-07T14:46:38.000Z","","","4.0","R-036373","Ajeje","","","2.0","0050E000009RpenQAC","1.0","a0H0E00000BFuxQUAT","1.0","","2022-04-07T14:46:38.000Z","","3.0","",""
"","","","0050E00000527RMQAY","2020-04-24T11:52:54.000Z","2020-04-24T11:52:54.000Z","a0X0E000003dIMdUAM","","a0Z0E000002sYtgUAE","false","0050E00000527RMQAY","2020-04-24T11:52:54.000Z","","","4.0","R-036367","","","","18.0","0050E00000527RMQAY","0.0","","0.0","","2020-04-24T11:52:54.000Z","a4n0E000000n1bHQAQ","5.0","","Ottimo, siamo in sintonia"
"","","","0050E00000527RMQAY","2020-04-24T11:53:01.000Z","2020-04-24T11:53:01.000Z","a0X0E000003dIMlUAM","","a0Z0E000002sYthUAE","false","0050E00000527RMQAY","2020-04-24T11:53:01.000Z","","","4.0","R-036369","","","","20.0","0050E00000527RMQAY","0.0","","0.0","","2020-04-24T11:53:01.000Z","a4n0E000000n1bHQAQ","5.0","","Molto"
"","","","0050E00000527RMQAY","2020-04-24T11:52:48.000Z","2020-04-24T11:52:48.000Z","a0X0E000003dIMbUAM","","a0Z0E000002sYtWUAU","false","0050E00000527RMQAY","2020-04-24T11:52:48.000Z","","","4.0","R-036365","","","","16.0","0050E00000527RMQAY","0.0","","0.0","","2020-04-24T11:52:48.000Z","a4n0E000000n1bHQAQ","5.0","","Molto"
"","","","0050E00000527RMQAY","2020-04-24T11:52:59.000Z","2020-04-24T11:52:59.000Z","a0X0E000003dIMeUAM","","a0Z0E000002sYtlUAE","false","0050E00000527RMQAY","2020-04-24T11:52:59.000Z","","","4.0","R-036368","","","","19.0","0050E00000527RMQAY","0.0","","0.0","","2020-04-24T11:52:59.000Z","a4n0E000000n1bHQAQ","5.0","","Ottimo, siamo in sintonia"
"","","","0050E00000527RMQAY","2020-03-17T16:36:45.000Z","2020-03-17T16:36:45.000Z","a0X0E000003dINgUAM","","a0Z0E000002vrYpUAI","false","0050E00000527RMQAY","2020-03-17T16:36:45.000Z","","","3.0","R-036291","","","","2.0","0050E00000527RMQAY","0.0","","0.0","","2020-03-17T16:36:45.000Z","a4n0E000000n0wsQAA","3.0","","Non del tutto"
"","","","0050E00000527RMQAY","2020-03-17T16:36:51.000Z","2020-03-17T16:36:51.000Z","a0X0E000003dINoUAM","","a0Z0E000002vrYuUAI","false","0050E00000527RMQAY","2020-03-17T16:36:51.000Z","","","3.0","R-036292","","","","5.0","0050E00000527RMQAY","0.0","","0.0","","2020-03-17T16:36:51.000Z","a4n0E000000n0wsQAA","2.0","fffhhefg","Poco"
"","","","0050E00000527RMQAY","2020-03-19T17:46:50.000Z","2020-03-19T17:46:50.000Z","a0X0E000003dINtUAM","","a0Z0E000002vx2vUAA","false","0050E00000527RMQAY","2020-03-19T17:46:50.000Z","","","3.0","R-036295","","","","6.0","0050E00000527RMQAY","0.0","","0.0","","2020-03-19T17:46:50.000Z","a4n0E000000n0wsQAA","2.0","","Non Abbastanza"
"","","","0050E00000527RMQAY","2020-03-19T17:46:48.000Z","2020-03-19T17:46:48.000Z","a0X0E000003dINhUAM","","a0Z0E000002vx2qUAA","false","0050E00000527RMQAY","2020-03-19T17:46:48.000Z","","","3.0","R-036294","","","","2.0","0050E00000527RMQAY","0.0","","0.0","","2020-03-19T17:46:48.000Z","a4n0E000000n0wsQAA","1.0","","Poco"
"","","","0050E00000527RMQAY","2020-02-25T09:54:05.000Z","2020-02-25T09:54:05.000Z","a0X0E000003dIMvUAM","","a0Z0E000002lb0GUAQ","false","0050E00000527RMQAY","2020-02-25T09:54:05.000Z","","","2.0","R-036264","","","","10.0","0050E00000527RMQAY","0.0","","0.0","","2020-02-25T09:54:05.000Z","a4n0E000000n0wsQAA","5.0","","Molto"
"","","","0050E00000527RMQAY","2020-02-25T09:54:11.000Z","2020-02-25T09:54:11.000Z","a0X0E000003dIMwUAM","","a0Z0E000002lb0VUAQ","false","0050E00000527RMQAY","2020-02-25T09:54:11.000Z","","","2.0","R-036267","","","","11.0","0050E00000527RMQAY","0.0","","0.0","","2020-02-25T09:54:11.000Z","a4n0E000000n0wsQAA","2.0","","Poca"
"","","","0050E00000527RMQAY","2020-02-25T09:54:08.000Z","2020-02-25T09:54:08.000Z","a0X0E000003dIM3UAM","","a0Z0E000002lb0LUAQ","false","0050E00000527RMQAY","2020-02-25T09:54:08.000Z","","","2.0","R-036265","","","","10.0","0050E00000527RMQAY","0.0","","0.0","","2020-02-25T09:54:08.000Z","a4n0E000000n0wsQAA","4.0","","Abbastanza"
"","","","0050E00000527RMQAY","2020-04-24T11:53:04.000Z","2020-04-24T11:53:04.000Z","a0X0E000003dIMnUAM","","a0Z0E000002sYtvUAE","false","0050E00000527RMQAY","2020-04-24T11:53:04.000Z","","","4.0","R-036371","","","","23.0","0050E00000527RMQAY","0.0","","0.0","","2020-04-24T11:53:04.000Z","a4n0E000000n1bHQAQ","5.0","","Molto"
"","","","0050E00000527RMQAY","2020-02-25T09:54:10.000Z","2020-02-25T09:54:10.000Z","a0X0E000003dIM4UAM","","a0Z0E000002lb0QUAQ","false","0050E00000527RMQAY","2020-02-25T09:54:10.000Z","","","2.0","R-036266","","","","11.0","0050E00000527RMQAY","0.0","","0.0","","2020-02-25T09:54:10.000Z","a4n0E000000n0wsQAA","3.0","","Sufficiente"
"","","","0050E00000527RMQAY","2020-02-20T13:32:27.000Z","2020-02-20T13:32:27.000Z","a0X0E000003dIMAUA2","","a0Z0E000002lNhgUAE","false","0050E00000527RMQAY","2020-02-20T13:32:27.000Z","","","2.0","R-036256","","","","17.0","0050E00000527RMQAY","0.0","","0.0","","2020-02-20T13:32:27.000Z","a4n0E000000n1bIQAQ","1.0","","Per nulla"
"","","","0050E00000527RMQAY","2020-02-20T13:32:08.000Z","2020-02-20T13:32:08.000Z","a0X0E000003dIO6UAM","","a0Z0E000002lNgxUAE","false","0050E00000527RMQAY","2020-02-20T13:32:08.000Z","","","2.0","R-036246","","","","13.0","0050E00000527RMQAY","0.0","","0.0","","2020-02-20T13:32:08.000Z","a4n0E000000n1bIQAQ","1.0","","Per nulla"
"","","","0050E00000527RMQAY","2020-02-20T13:31:39.000Z","2020-02-20T13:31:39.000Z","a0X0E000003dIMHUA2","","a0Z0E000002lNgiUAE","false","0050E00000527RMQAY","2020-02-20T13:31:39.000Z","","","2.0","R-036243","","","","5.0","0050E00000527RMQAY","0.0","","0.0","","2020-02-20T13:31:39.000Z","a4n0E000000n1bIQAQ","1.0","","Per nulla"
"","","","0050E00000527RMQAY","2020-02-20T13:31:20.000Z","2020-02-20T13:31:20.000Z","a0X0E000003dIMEUA2","","a0Z0E000002lNgOUAU","false","0050E00000527RMQAY","2020-02-20T13:31:20.000Z","","","2.0","R-036239","","","","2.0","0050E00000527RMQAY","0.0","","0.0","","2020-02-20T13:31:20.000Z","a4n0E000000n1bIQAQ","1.0","","No"
"","","","0050E00000527RMQAY","2020-02-20T13:32:11.000Z","2020-02-20T13:32:11.000Z","a0X0E000003dIO9UAM","","a0Z0E000002lNh2UAE","false","0050E00000527RMQAY","2020-02-20T13:32:11.000Z","","","2.0","R-036247","","","","14.0","0050E00000527RMQAY","0.0","","0.0","","2020-02-20T13:32:11.000Z","a4n0E000000n1bIQAQ","1.0","","Per nulla"
"","","","0050E00000527RMQAY","2020-02-20T13:32:15.000Z","2020-02-20T13:32:15.000Z","a0X0E000003dIM1UAM","","a0Z0E000002lNhCUAU","false","0050E00000527RMQAY","2020-02-20T13:32:15.000Z","","","2.0","R-036249","","","","8.0","0050E00000527RMQAY","0.0","","0.0","","2020-02-20T13:32:15.000Z","a4n0E000000n1bIQAQ","1.0","","Per nulla"
"","","","0050E00000527RMQAY","2020-02-20T13:32:20.000Z","2020-02-20T13:32:20.000Z","a0X0E000003dIM6UAM","","a0Z0E000002lNh3UAE","false","0050E00000527RMQAY","2020-02-20T13:32:20.000Z","","","2.0","R-036252","","","","13.0","0050E00000527RMQAY","0.0","","0.0","","2020-02-20T13:32:20.000Z","a4n0E000000n1bIQAQ","1.0","","Per nulla"
"","","","0050E00000527RMQAY","2020-03-04T16:58:45.000Z","2020-03-04T16:58:45.000Z","a0X0E000003dINuUAM","","a0Z0E000002uqzoUAA","false","0050E00000527RMQAY","2020-03-04T16:58:45.000Z","","","3.0","R-036274","","","","14.0","0050E00000527RMQAY","0.0","","0.0","","2020-03-04T16:58:45.000Z","a4n0E000000n0wsQAA","4.0","","Abbastanza"
"","","","0050E00000527RMQAY","2020-04-07T09:52:49.000Z","2020-04-07T09:52:49.000Z","a0X0E000003dIMRUA2","","a0Z0E000002rq0gUAA","false","0050E00000527RMQAY","2020-04-07T09:52:49.000Z","","","4.0","R-036316","","","","6.0","0050E00000527RMQAY","0.0","","0.0","","2020-04-07T09:52:49.000Z","a4n0E000000n0wsQAA","5.0","","Molto"
"","","","0050E00000527RMQAY","2020-04-21T08:40:34.000Z","2020-04-21T08:40:34.000Z","a0X0E000003dINNUA2","","a0Z0E000002sQk2UAE","false","0050E00000527RMQAY","2020-04-21T08:40:34.000Z","","","4.0","R-036335","","","","13.0","0050E00000527RMQAY","0.0","","0.0","","2020-04-21T08:40:34.000Z","a4n0E000000n0wsQAA","3.0","","Mediamente"
"","","","0050E00000527RMQAY","2020-04-21T08:40:24.000Z","2020-04-21T08:40:24.000Z","a0X0E000003dINYUA2","","a0Z0E000002sQjdUAE","false","0050E00000527RMQAY","2020-04-21T08:40:24.000Z","","","4.0","R-036330","","","","5.0","0050E00000527RMQAY","0.0","","0.0","","2020-04-21T08:40:24.000Z","a4n0E000000n0wsQAA","4.0","","Abbastanza"
"","","","0050E00000527RMQAY","2020-04-21T08:40:12.000Z","2020-04-21T08:40:12.000Z","a0X0E000003dINVUA2","","a0Z0E000002sQj9UAE","false","0050E00000527RMQAY","2020-04-21T08:40:12.000Z","","","4.0","R-036324","","","","2.0","0050E00000527RMQAY","0.0","","0.0","","2020-04-21T08:40:12.000Z","a4n0E000000n0wsQAA","5.0","","Molto"
"","","","0050E00000527RMQAY","2020-04-21T08:40:30.000Z","2020-04-21T08:40:30.000Z","a0X0E000003dIMXUA2","","a0Z0E000002sQjsUAE","false","0050E00000527RMQAY","2020-04-21T08:40:30.000Z","","","4.0","R-036333","","","","12.0","0050E00000527RMQAY","0.0","","0.0","","2020-04-21T08:40:30.000Z","a4n0E000000n0wsQAA","3.0","","In linea"
"","","","0050E00000527RMQAY","2020-04-21T08:40:20.000Z","2020-04-21T08:40:20.000Z","a0X0E000003dINXUA2","","a0Z0E000002sQjTUAU","false","0050E00000527RMQAY","2020-04-21T08:40:20.000Z","","","4.0","R-036328","","","","4.0","0050E00000527RMQAY","0.0","","0.0","","2020-04-21T08:40:20.000Z","a4n0E000000n0wsQAA","5.0","","Ottima"
"","","","0050E00000527RMQAY","2020-03-11T08:25:50.000Z","2020-03-11T08:25:50.000Z","a0X0E000003dINyUAM","","a0Z0E000002vHBnUAM","false","0050E00000527RMQAY","2020-03-11T08:25:50.000Z","","","3.0","R-036287","","","","8.0","0050E00000527RMQAY","0.0","","0.0","","2020-03-11T08:25:50.000Z","a4n0E000000n0wsQAA","2.0","","Poca"
"","","","0050E00000527RMQAY","2020-02-20T13:32:18.000Z","2020-02-20T13:32:18.000Z","a0X0E000003dIM5UAM","","a0Z0E000002lNhMUAU","false","0050E00000527RMQAY","2020-02-20T13:32:18.000Z","","","2.0","R-036251","","","","12.0","0050E00000527RMQAY","0.0","","0.0","","2020-02-20T13:32:18.000Z","a4n0E000000n1bIQAQ","1.0","","Da rivedere"
"Feelthemovie Sas Custom","Industry","Rampazzo Sponsor","0050E0000093CXqQAM","2022-04-07T08:24:33.000Z","2022-04-07T09:22:47.000Z","a0X0E000005a4IQUAY","","a0Z0E000004mNmpUAE","false","0050E0000093CXqQAM","2022-04-07T09:22:47.000Z","","","4.0","R-036377","Pietro Sponsor","","","1.0","0050E0000093CXqQAM","1.0","a0H0E00000BNOpVUAX","2.0","Italia","2022-04-07T09:22:47.000Z","","5.0","",""
"","","","0050E00000527RMQAY","2020-03-04T16:58:40.000Z","2020-03-04T16:58:40.000Z","a0X0E000003dINmUAM","","a0Z0E000002uqzeUAA","false","0050E00000527RMQAY","2020-03-04T16:58:40.000Z","","","3.0","R-036272","","","","5.0","0050E00000527RMQAY","0.0","","0.0","","2020-03-04T16:58:40.000Z","a4n0E000000n0wsQAA","3.0","","Mediamente"
"","","","0050E00000527RMQAY","2020-03-04T16:58:37.000Z","2020-03-04T16:58:37.000Z","a0X0E000003dINkUAM","","a0Z0E000002uqzZUAQ","false","0050E00000527RMQAY","2020-03-04T16:58:37.000Z","","","3.0","R-036271","","","","4.0","0050E00000527RMQAY","0.0","","0.0","","2020-03-04T16:58:37.000Z","a4n0E000000n0wsQAA","1.0","","Insoddisfacente"
"Pastrello Corp Extra","Gold Sponsor","Braazorf","0050E000003vuszQAA","2022-04-01T10:40:13.000Z","2022-04-07T14:47:01.000Z","a0X0E000005aBU4UAM","","a0Z0E000004lnszUAA","false","0050E000003vuszQAA","2022-04-07T14:47:01.000Z","","","4.0","R-036375","Ajeje","","","1.0","0050E000009TLUBQA4","2.0","a0H0E00000BFuxQUAT","1.0","","2022-04-07T14:47:01.000Z","","3.0","",""
"","","","0050E00000527RMQAY","2020-02-20T13:32:04.000Z","2020-02-20T13:32:04.000Z","a0X0E000003dIMIUA2","","a0Z0E000002lNgnUAE","false","0050E00000527RMQAY","2020-02-20T13:32:04.000Z","","","2.0","R-036244","","","","6.0","0050E00000527RMQAY","0.0","","0.0","","2020-02-20T13:32:04.000Z","a4n0E000000n1bIQAQ","1.0","","Per nulla"
"","","","0050E00000527RMQAY","2020-02-20T13:32:22.000Z","2020-02-20T13:32:22.000Z","a0X0E000003dIM7UAM","","a0Z0E000002lNhRUAU","false","0050E00000527RMQAY","2020-02-20T13:32:22.000Z","","","2.0","R-036253","","","","14.0","0050E00000527RMQAY","0.0","","0.0","","2020-02-20T13:32:22.000Z","a4n0E000000n1bIQAQ","1.0","","Per nulla"
"","","","0050E00000527RMQAY","2020-04-24T11:52:17.000Z","2020-04-24T11:52:17.000Z","a0X0E000003dIMjUAM","","a0Z0E000002sYsdUAE","false","0050E00000527RMQAY","2020-04-24T11:52:17.000Z","","","4.0","R-036355","","","","5.0","0050E00000527RMQAY","0.0","","0.0","","2020-04-24T11:52:17.000Z","a4n0E000000n1bHQAQ","5.0","","Molto"
"Pastrello Corp Extra","Gold Sponsor","Braazorf","0050E000003vuszQAA","2022-04-07T14:53:30.000Z","2022-04-07T14:53:30.000Z","a0X0E000005aBUEUA2","","a0Z0E000004mOJKUA2","false","0050E000003vuszQAA","2022-04-07T14:53:30.000Z","","","4.0","R-036384","Ajeje","","","3.0","0050E000009TLUBQA4","2.0","a0H0E00000BFuxQUAT","1.0","","2022-04-07T14:53:30.000Z","","3.0","",""
"","","","0050E00000527RMQAY","2020-04-21T08:40:09.000Z","2020-04-21T08:40:09.000Z","a0X0E000003dINUUA2","","a0Z0E000002sQj4UAE","false","0050E00000527RMQAY","2020-04-21T08:40:09.000Z","","","4.0","R-036322","","","","1.0","0050E00000527RMQAY","0.0","","0.0","","2020-04-21T08:40:09.000Z","a4n0E000000n0wsQAA","5.0","","Moltissimo"
"","","","0050E00000527RMQAY","2020-04-21T08:40:50.000Z","2020-04-21T08:40:50.000Z","a0X0E000003dIMcUAM","","a0Z0E000002sQkgUAE","false","0050E00000527RMQAY","2020-04-21T08:40:50.000Z","","","4.0","R-036344","","","","17.0","0050E00000527RMQAY","0.0","","0.0","","2020-04-21T08:40:50.000Z","a4n0E000000n0wsQAA","3.0","","Sufficientemente"
"","","","0050E00000527RMQAY","2020-04-21T08:40:52.000Z","2020-04-21T08:40:52.000Z","a0X0E000003dINRUA2","","a0Z0E000002sQklUAE","false","0050E00000527RMQAY","2020-04-21T08:40:52.000Z","","","4.0","R-036345","","","","17.0","0050E00000527RMQAY","0.0","","0.0","","2020-04-21T08:40:52.000Z","a4n0E000000n0wsQAA","4.0","","Abbastanza"
"","","","0050E00000527RMQAY","2020-04-21T08:40:54.000Z","2020-04-21T08:40:54.000Z","a0X0E000003dINSUA2","","a0Z0E000002sQkqUAE","false","0050E00000527RMQAY","2020-04-21T08:40:54.000Z","","","4.0","R-036346","","","","18.0","0050E00000527RMQAY","0.0","","0.0","","2020-04-21T08:40:54.000Z","a4n0E000000n0wsQAA","2.0","","Migliorabile, a volte ci sono tensioni"
"","","","0050E00000527RMQAY","2020-04-21T08:40:15.000Z","2020-04-21T08:40:15.000Z","a0X0E000003dINWUA2","","a0Z0E000002sQjEUAU","false","0050E00000527RMQAY","2020-04-21T08:40:15.000Z","","","4.0","R-036325","","","","3.0","0050E00000527RMQAY","0.0","","0.0","","2020-04-21T08:40:15.000Z","a4n0E000000n0wsQAA","5.0","","Moltissimo"
"","","","0050E00000527RMQAY","2020-04-21T08:40:48.000Z","2020-04-21T08:40:48.000Z","a0X0E000003dIMbUAM","","a0Z0E000002sQjeUAE","false","0050E00000527RMQAY","2020-04-21T08:40:48.000Z","","","4.0","R-036343","","","","16.0","0050E00000527RMQAY","0.0","","0.0","","2020-04-21T08:40:48.000Z","a4n0E000000n0wsQAA","4.0","","Abbastanza"
"","","","0050E00000527RMQAY","2020-04-21T08:40:22.000Z","2020-04-21T08:40:22.000Z","a0X0E000003dIMjUAM","","a0Z0E000002sQjYUAU","false","0050E00000527RMQAY","2020-04-21T08:40:22.000Z","","","4.0","R-036329","","","","5.0","0050E00000527RMQAY","0.0","","0.0","","2020-04-21T08:40:22.000Z","a4n0E000000n0wsQAA","4.0","","Abbastanza"
"","","","0050E00000527RMQAY","2020-02-20T13:27:21.000Z","2020-02-20T13:27:21.000Z","a0X0E000003dIO8UAM","","a0Z0E000002lNfQUAU","false","0050E00000527RMQAY","2020-02-20T13:27:21.000Z","","","2.0","R-036224","","","","11.0","0050E00000527RMQAY","0.0","","0.0","","2020-02-20T13:27:21.000Z","a4n0E000000n1bHQAQ","3.0","","Sufficiente"
"","","","0050E00000527RMQAY","2020-02-20T13:27:36.000Z","2020-02-20T13:27:36.000Z","a0X0E000003dIM7UAM","","a0Z0E000002lNfzUAE","false","0050E00000527RMQAY","2020-02-20T13:27:36.000Z","","","2.0","R-036232","","","","14.0","0050E00000527RMQAY","0.0","","0.0","","2020-02-20T13:27:36.000Z","a4n0E000000n1bHQAQ","3.0","","Sufficientemente"
"","","","0050E00000527RMQAY","2020-02-20T13:27:41.000Z","2020-02-20T13:27:41.000Z","a0X0E000003dIMAUA2","","a0Z0E000002lNg9UAE","false","0050E00000527RMQAY","2020-02-20T13:27:41.000Z","","","2.0","R-036235","","","","17.0","0050E00000527RMQAY","0.0","","0.0","","2020-02-20T13:27:41.000Z","a4n0E000000n1bHQAQ","3.0","","Sufficientemente"
"","","","0050E00000527RMQAY","2020-02-20T13:27:45.000Z","2020-02-20T13:27:44.000Z","a0X0E000003dIMCUA2","","a0Z0E000002lNgJUAU","false","0050E00000527RMQAY","2020-02-20T13:27:45.000Z","","","2.0","R-036237","","","","19.0","0050E00000527RMQAY","0.0","","0.0","","2020-02-20T13:27:45.000Z","a4n0E000000n1bHQAQ","3.0","","Sufficiente"
"Feelthemovie Sas Custom","Industry","Rampazzo Sponsor","0050E0000093CXqQAM","2022-04-07T08:28:09.000Z","2022-04-07T09:22:52.000Z","a0X0E000005a1ZeUAI","","a0Z0E000004mNmuUAE","false","0050E0000093CXqQAM","2022-04-07T09:22:52.000Z","","","4.0","R-036378","Pietro Sponsor","","","1.0","0050E0000093CXqQAM","2.0","a0H0E00000BNOpVUAX","1.0","Italia","2022-04-07T09:22:52.000Z","","5.0","",""
"","","","0050E00000527RMQAY","2020-04-07T09:52:57.000Z","2020-04-07T09:52:57.000Z","a0X0E000003dIMTUA2","","a0Z0E000002rq0vUAA","false","0050E00000527RMQAY","2020-04-07T09:52:57.000Z","","","4.0","R-036319","","","","8.0","0050E00000527RMQAY","0.0","","0.0","","2020-04-07T09:52:57.000Z","a4n0E000000n0wsQAA","3.0","","Sufficientemente"
"","","","0050E00000527RMQAY","2020-03-04T16:58:31.000Z","2020-03-04T16:58:31.000Z","a0X0E000003dINeUAM","","a0Z0E000002uqzPUAQ","false","0050E00000527RMQAY","2020-03-04T16:58:31.000Z","","","3.0","R-036269","","","","2.0","0050E00000527RMQAY","0.0","","0.0","","2020-03-04T16:58:31.000Z","a4n0E000000n0wsQAA","2.0","","Sufficientemente"
"","","","0050E00000527RMQAY","2020-02-24T08:47:51.000Z","2020-02-24T08:47:51.000Z","a0X0E000003dIMKUA2","","a0Z0E000002lY7dUAE","false","0050E00000527RMQAY","2020-02-24T08:47:51.000Z","","","2.0","R-036260","","","","21.0","0050E00000527RMQAY","0.0","","0.0","","2020-02-24T08:47:51.000Z","a4n0E000000n0wsQAA","5.0","","Molto"
"","","","0050E00000527RMQAY","2020-04-07T09:52:40.000Z","2020-04-07T09:52:40.000Z","a0X0E000003dIMQUA2","","a0Z0E000002rq0RUAQ","false","0050E00000527RMQAY","2020-04-07T09:52:40.000Z","","","4.0","R-036313","","","","5.0","0050E00000527RMQAY","0.0","","0.0","","2020-04-07T09:52:40.000Z","a4n0E000000n0wsQAA","3.0","","Mediamente"
"","","","0050E00000527RMQAY","2020-04-07T09:52:54.000Z","2020-04-07T09:52:54.000Z","a0X0E000003dINJUA2","","a0Z0E000002rq0qUAA","false","0050E00000527RMQAY","2020-04-07T09:52:54.000Z","","","4.0","R-036318","","","","8.0","0050E00000527RMQAY","0.0","","0.0","","2020-04-07T09:52:54.000Z","a4n0E000000n0wsQAA","5.0","","Moltissimo"
"","","","0050E00000527RMQAY","2020-03-11T08:25:53.000Z","2020-03-11T08:25:53.000Z","a0X0E000003dIO1UAM","","a0Z0E000002vHBxUAM","false","0050E00000527RMQAY","2020-03-11T08:25:53.000Z","","","3.0","R-036289","","","","9.0","0050E00000527RMQAY","0.0","","0.0","","2020-03-11T08:25:53.000Z","a4n0E000000n0wsQAA","5.0","","Ottimo"
"","","","0050E00000527RMQAY","2020-03-11T08:25:48.000Z","2020-03-11T08:25:48.000Z","a0X0E000003dINzUAM","","a0Z0E000002vHBiUAM","false","0050E00000527RMQAY","2020-03-11T08:25:48.000Z","","","3.0","R-036286","","","","8.0","0050E00000527RMQAY","0.0","","0.0","","2020-03-11T08:25:48.000Z","a4n0E000000n0wsQAA","3.0","","Sufficiente"
"Pastrello Corp Extra","Gold Sponsor","Braazorf","0050E000003vuszQAA","2022-04-07T14:48:57.000Z","2022-04-07T14:48:57.000Z","a0X0E000005a4IQUAY","","a0Z0E000004mOJAUA2","false","0050E000003vuszQAA","2022-04-07T14:48:57.000Z","","","4.0","R-036382","Ajeje","","","1.0","0050E000009TLUBQA4","1.0","a0H0E00000BFuxQUAT","2.0","","2022-04-07T14:48:57.000Z","","3.0","",""
"","","","0050E00000527RMQAY","2020-04-07T09:52:28.000Z","2020-04-07T09:52:28.000Z","a0X0E000003dIMNUA2","","a0Z0E000002rq02UAA","false","0050E00000527RMQAY","2020-04-07T09:52:28.000Z","","","4.0","R-036308","","","","2.0","0050E00000527RMQAY","0.0","","0.0","","2020-04-07T09:52:28.000Z","a4n0E000000n0wsQAA","5.0","ftyfdf","Molto"
"","","","0050E00000527RMQAY","2020-04-07T09:52:46.000Z","2020-04-07T09:52:46.000Z","a0X0E000003dINIUA2","","a0Z0E000002rq0bUAA","false","0050E00000527RMQAY","2020-04-07T09:52:46.000Z","","","4.0","R-036315","","","","6.0","0050E00000527RMQAY","0.0","","0.0","","2020-04-07T09:52:46.000Z","a4n0E000000n0wsQAA","4.0","","Abbastanza"
"","","","0050E00000527RMQAY","2020-04-07T09:52:08.000Z","2020-04-07T09:52:08.000Z","a0X0E000003dIMMUA2","","a0Z0E000002rpznUAA","false","0050E00000527RMQAY","2020-04-07T09:52:08.000Z","","","4.0","R-036305","","","","1.0","0050E00000527RMQAY","0.0","","0.0","","2020-04-07T09:52:08.000Z","a4n0E000000n0wsQAA","5.0","àaàdddy ghgfgggh. hhhh","Moltissimo"
"","","","0050E00000527RMQAY","2020-02-20T13:27:12.000Z","2020-02-20T13:27:12.000Z","a0X0E000003dIN6UAM","","a0Z0E000002lNf6UAE","false","0050E00000527RMQAY","2020-02-20T13:27:12.000Z","","","2.0","R-036219","","","","2.0","0050E00000527RMQAY","0.0","","0.0","","2020-02-20T13:27:12.000Z","a4n0E000000n1bHQAQ","3.0","","Sufficientemente"
"","","","0050E00000527RMQAY","2020-04-24T11:52:25.000Z","2020-04-24T11:52:25.000Z","a0X0E000003dIMXUA2","","a0Z0E000002sYt2UAE","false","0050E00000527RMQAY","2020-04-24T11:52:25.000Z","","","4.0","R-036360","","","","12.0","0050E00000527RMQAY","0.0","","0.0","","2020-04-24T11:52:25.000Z","a4n0E000000n1bHQAQ","5.0","","Ottime"
"","","","0050E00000527RMQAY","2020-04-24T11:52:19.000Z","2020-04-24T11:52:19.000Z","a0X0E000003dIMkUAM","","a0Z0E000002sYsiUAE","false","0050E00000527RMQAY","2020-04-24T11:52:19.000Z","","","4.0","R-036356","","","","6.0","0050E00000527RMQAY","0.0","","0.0","","2020-04-24T11:52:19.000Z","a4n0E000000n1bHQAQ","5.0","","Molto"
"","","","0050E00000527RMQAY","2020-04-24T11:52:39.000Z","2020-04-24T11:52:39.000Z","a0X0E000003dIMZUA2","","a0Z0E000002sYtMUAU","false","0050E00000527RMQAY","2020-04-24T11:52:39.000Z","","","4.0","R-036363","","","","14.0","0050E00000527RMQAY","0.0","","0.0","","2020-04-24T11:52:39.000Z","a4n0E000000n1bHQAQ","4.0","","Abbastanza"
"","","","0050E00000527RMQAY","2020-04-24T11:52:42.000Z","2020-04-24T11:52:42.000Z","a0X0E000003dIMaUAM","","a0Z0E000002sYtRUAU","false","0050E00000527RMQAY","2020-04-24T11:52:42.000Z","","","4.0","R-036364","","","","15.0","0050E00000527RMQAY","0.0","","0.0","","2020-04-24T11:52:42.000Z","a4n0E000000n1bHQAQ","5.0","","Molto"
"","","","0050E00000527RMQAY","2020-04-24T11:52:22.000Z","2020-04-24T11:52:22.000Z","a0X0E000003dIMTUA2","","a0Z0E000002sYssUAE","false","0050E00000527RMQAY","2020-04-24T11:52:22.000Z","","","4.0","R-036358","","","","8.0","0050E00000527RMQAY","0.0","","0.0","","2020-04-24T11:52:22.000Z","a4n0E000000n1bHQAQ","5.0","","Moltissimo"
"","","","0050E00000527RMQAY","2020-04-24T11:52:51.000Z","2020-04-24T11:52:51.000Z","a0X0E000003dIMcUAM","","a0Z0E000002sYtbUAE","false","0050E00000527RMQAY","2020-04-24T11:52:51.000Z","","","4.0","R-036366","","","","17.0","0050E00000527RMQAY","0.0","","0.0","","2020-04-24T11:52:51.000Z","a4n0E000000n1bHQAQ","5.0","","Molto"
"","","","0050E00000527RMQAY","2020-04-24T11:52:12.000Z","2020-04-24T11:52:12.000Z","a0X0E000003dINVUA2","","a0Z0E000002sYsOUAU","false","0050E00000527RMQAY","2020-04-24T11:52:12.000Z","","","4.0","R-036352","","","","2.0","0050E00000527RMQAY","0.0","","0.0","","2020-04-24T11:52:12.000Z","a4n0E000000n1bHQAQ","5.0","","Molto"
"","","","0050E00000527RMQAY","2020-04-24T11:52:14.000Z","2020-04-24T11:52:14.000Z","a0X0E000003dIMhUAM","","a0Z0E000002sYsTUAU","false","0050E00000527RMQAY","2020-04-24T11:52:14.000Z","","","4.0","R-036353","","","","3.0","0050E00000527RMQAY","0.0","","0.0","","2020-04-24T11:52:14.000Z","a4n0E000000n1bHQAQ","5.0","","Moltissimo"
"","","","0050E00000527RMQAY","2020-04-24T11:53:03.000Z","2020-04-24T11:53:03.000Z","a0X0E000003dIMmUAM","","a0Z0E000002sYtqUAE","false","0050E00000527RMQAY","2020-04-24T11:53:03.000Z","","","4.0","R-036370","","","","21.0","0050E00000527RMQAY","0.0","","0.0","","2020-04-24T11:53:03.000Z","a4n0E000000n1bHQAQ","5.0","","Molto"
"","","","0050E00000527RMQAY","2020-04-24T11:52:37.000Z","2020-04-24T11:52:37.000Z","a0X0E000003diVWUAY","","a0Z0E000002sYtHUAU","false","0050E00000527RMQAY","2020-04-24T11:52:37.000Z","","","4.0","R-036362","","","","10.0","0050E00000527RMQAY","0.0","","0.0","","2020-04-24T11:52:37.000Z","a4n0E000000n1bHQAQ","4.0","","Abbastanza"
"","","","0050E00000527RMQAY","2020-02-20T13:32:06.000Z","2020-02-20T13:32:06.000Z","a0X0E000003dIO8UAM","","a0Z0E000002lNgsUAE","false","0050E00000527RMQAY","2020-02-20T13:32:06.000Z","","","2.0","R-036245","","","","11.0","0050E00000527RMQAY","0.0","","0.0","","2020-02-20T13:32:06.000Z","a4n0E000000n1bIQAQ","1.0","","Insoddisfacente"
"","","","0050E00000527RMQAY","2020-02-20T13:32:30.000Z","2020-02-20T13:32:30.000Z","a0X0E000003dIMCUA2","","a0Z0E000002lNhqUAE","false","0050E00000527RMQAY","2020-02-20T13:32:30.000Z","","","2.0","R-036258","","","","19.0","0050E00000527RMQAY","0.0","","0.0","","2020-02-20T13:32:30.000Z","a4n0E000000n1bIQAQ","1.0","","Insoddisfacente, ci sono molte tensioni"
"","","","0050E00000527RMQAY","2020-02-20T13:32:23.000Z","2020-02-20T13:32:23.000Z","a0X0E000003dIM8UAM","","a0Z0E000002lNhWUAU","false","0050E00000527RMQAY","2020-02-20T13:32:23.000Z","","","2.0","R-036254","","","","15.0","0050E00000527RMQAY","0.0","","0.0","","2020-02-20T13:32:23.000Z","a4n0E000000n1bIQAQ","1.0","","Per nulla"
"","","","0050E00000527RMQAY","2020-02-20T13:32:12.000Z","2020-02-20T13:32:12.000Z","a0X0E000003dIM0UAM","","a0Z0E000002lNh7UAE","false","0050E00000527RMQAY","2020-02-20T13:32:12.000Z","","","2.0","R-036248","","","","7.0","0050E00000527RMQAY","0.0","","0.0","","2020-02-20T13:32:12.000Z","a4n0E000000n1bIQAQ","1.0","","Per nulla"
"","","","0050E00000527RMQAY","2020-02-20T13:32:28.000Z","2020-02-20T13:32:28.000Z","a0X0E000003dIMBUA2","","a0Z0E000002lNhlUAE","false","0050E00000527RMQAY","2020-02-20T13:32:28.000Z","","","2.0","R-036257","","","","18.0","0050E00000527RMQAY","0.0","","0.0","","2020-02-20T13:32:28.000Z","a4n0E000000n1bIQAQ","1.0","","Insoddisfacente, ci sono molte tensioni"
"","","","0050E00000527RMQAY","2020-02-20T13:31:36.000Z","2020-02-20T13:31:36.000Z","a0X0E000003dIMGUA2","","a0Z0E000002lNgdUAE","false","0050E00000527RMQAY","2020-02-20T13:31:36.000Z","","","2.0","R-036242","","","","4.0","0050E00000527RMQAY","0.0","","0.0","","2020-02-20T13:31:36.000Z","a4n0E000000n1bIQAQ","1.0","","Insoddisfacente"
"","","","0050E00000527RMQAY","2020-02-20T13:31:34.000Z","2020-02-20T13:31:34.000Z","a0X0E000003dIMFUA2","","a0Z0E000002lNgYUAU","false","0050E00000527RMQAY","2020-02-20T13:31:34.000Z","","","2.0","R-036241","","","","3.0","0050E00000527RMQAY","0.0","","0.0","","2020-02-20T13:31:34.000Z","a4n0E000000n1bIQAQ","1.0","","Per nulla"
"","","","0050E00000527RMQAY","2020-02-20T13:27:27.000Z","2020-02-20T13:27:27.000Z","a0X0E000003dIM0UAM","","a0Z0E000002lNffUAE","false","0050E00000527RMQAY","2020-02-20T13:27:27.000Z","","","2.0","R-036227","","","","7.0","0050E00000527RMQAY","0.0","","0.0","","2020-02-20T13:27:27.000Z","a4n0E000000n1bHQAQ","3.0","","Sufficientemente"
"","","","0050E00000527RMQAY","2020-02-20T13:27:32.000Z","2020-02-20T13:27:32.000Z","a0X0E000003dIM5UAM","","a0Z0E000002lNfpUAE","false","0050E00000527RMQAY","2020-02-20T13:27:32.000Z","","","2.0","R-036230","","","","12.0","0050E00000527RMQAY","0.0","","0.0","","2020-02-20T13:27:32.000Z","a4n0E000000n1bHQAQ","3.0","","In linea"
"","","","0050E00000527RMQAY","2020-02-20T13:27:43.000Z","2020-02-20T13:27:43.000Z","a0X0E000003dIMBUA2","","a0Z0E000002lNgEUAU","false","0050E00000527RMQAY","2020-02-20T13:27:43.000Z","","","2.0","R-036236","","","","18.0","0050E00000527RMQAY","0.0","","0.0","","2020-02-20T13:27:43.000Z","a4n0E000000n1bHQAQ","3.0","","Sufficiente"
"","","","0050E00000527RMQAY","2020-04-07T09:52:51.000Z","2020-04-07T09:52:51.000Z","a0X0E000003dIMSUA2","","a0Z0E000002rq0lUAA","false","0050E00000527RMQAY","2020-04-07T09:52:51.000Z","","","4.0","R-036317","","","","7.0","0050E00000527RMQAY","0.0","","0.0","","2020-04-07T09:52:51.000Z","a4n0E000000n0wsQAA","3.0","","Sufficientemente"
"","","","0050E00000527RMQAY","2020-04-07T09:52:31.000Z","2020-04-07T09:52:31.000Z","a0X0E000003dIMOUA2","","a0Z0E000002rq07UAA","false","0050E00000527RMQAY","2020-04-07T09:52:31.000Z","","","4.0","R-036309","","","","3.0","0050E00000527RMQAY","0.0","","0.0","","2020-04-07T09:52:31.000Z","a4n0E000000n0wsQAA","4.0","","Abbastanza"
"","","","0050E00000527RMQAY","2020-04-07T09:52:35.000Z","2020-04-07T09:52:35.000Z","a0X0E000003dINGUA2","","a0Z0E000002rq0HUAQ","false","0050E00000527RMQAY","2020-04-07T09:52:35.000Z","","","4.0","R-036311","","","","4.0","0050E00000527RMQAY","0.0","","0.0","","2020-04-07T09:52:35.000Z","a4n0E000000n0wsQAA","3.0","","Sufficiente"
"","","","0050E00000527RMQAY","2020-04-07T09:52:38.000Z","2020-04-07T09:52:38.000Z","a0X0E000003dIMPUA2","","a0Z0E000002rq0MUAQ","false","0050E00000527RMQAY","2020-04-07T09:52:38.000Z","","","4.0","R-036312","","","","4.0","0050E00000527RMQAY","0.0","","0.0","","2020-04-07T09:52:38.000Z","a4n0E000000n0wsQAA","5.0","","Ottima"
"","","","0050E00000527RMQAY","2020-02-20T13:32:16.000Z","2020-02-20T13:32:16.000Z","a0X0E000003dIM2UAM","","a0Z0E000002lNhHUAU","false","0050E00000527RMQAY","2020-02-20T13:32:16.000Z","","","2.0","R-036250","","","","9.0","0050E00000527RMQAY","0.0","","0.0","","2020-02-20T13:32:16.000Z","a4n0E000000n1bIQAQ","1.0","","Per nulla"
"","","","0050E00000527RMQAY","2020-02-20T13:32:25.000Z","2020-02-20T13:32:25.000Z","a0X0E000003dIM9UAM","","a0Z0E000002lNhbUAE","false","0050E00000527RMQAY","2020-02-20T13:32:25.000Z","","","2.0","R-036255","","","","16.0","0050E00000527RMQAY","0.0","","0.0","","2020-02-20T13:32:25.000Z","a4n0E000000n1bIQAQ","1.0","","Per nulla"
"","","","0050E00000527RMQAY","2020-02-20T13:31:27.000Z","2020-02-20T13:31:27.000Z","a0X0E000003dIN6UAM","","a0Z0E000002lNgTUAU","false","0050E00000527RMQAY","2020-02-20T13:31:27.000Z","","","2.0","R-036240","","","","2.0","0050E00000527RMQAY","0.0","","0.0","","2020-02-20T13:31:27.000Z","a4n0E000000n1bIQAQ","1.0","","No"
"","","","0050E00000527RMQAY","2020-03-11T08:25:56.000Z","2020-03-11T08:25:56.000Z","a0X0E000003dIO2UAM","","a0Z0E000002vHC2UAM","false","0050E00000527RMQAY","2020-03-11T08:25:56.000Z","","","3.0","R-036290","","","","10.0","0050E00000527RMQAY","0.0","","0.0","","2020-03-11T08:25:56.000Z","a4n0E000000n0wsQAA","4.0","","Buono"
"","","","0050E00000527RMQAY","2020-03-04T16:58:28.000Z","2020-03-04T16:58:28.000Z","a0X0E000003dINcUAM","","a0Z0E000002uqzKUAQ","false","0050E00000527RMQAY","2020-03-04T16:58:28.000Z","","","3.0","R-036268","","","","1.0","0050E00000527RMQAY","0.0","","0.0","","2020-03-04T16:58:28.000Z","a4n0E000000n0wsQAA","4.0","","Abbastanza"
"","","","0050E00000527RMQAY","2020-03-04T16:58:34.000Z","2020-03-04T16:58:34.000Z","a0X0E000003dINiUAM","","a0Z0E000002uqzUUAQ","false","0050E00000527RMQAY","2020-03-04T16:58:34.000Z","","","3.0","R-036270","","","","3.0","0050E00000527RMQAY","0.0","","0.0","","2020-03-04T16:58:34.000Z","a4n0E000000n0wsQAA","4.0","","Abbastanza"
"","","","0050E00000527RMQAY","2020-03-04T16:58:42.000Z","2020-03-04T16:58:42.000Z","a0X0E000003dINqUAM","","a0Z0E000002uqzjUAA","false","0050E00000527RMQAY","2020-03-04T16:58:42.000Z","","","3.0","R-036273","","","","6.0","0050E00000527RMQAY","0.0","","0.0","","2020-03-04T16:58:42.000Z","a4n0E000000n0wsQAA","5.0","","Molto"
"","","","0050E00000527RMQAY","2020-03-09T09:09:04.000Z","2020-03-09T09:09:04.000Z","a0X0E000003dINwUAM","","a0Z0E000002vAM2UAM","false","0050E00000527RMQAY","2020-03-09T09:09:04.000Z","","","3.0","R-036283","","","","13.0","0050E00000527RMQAY","0.0","","0.0","","2020-03-09T09:09:04.000Z","a4n0E000000n0wsQAA","5.0","","Molto"
"","","","0050E00000527RMQAY","2020-04-07T09:52:16.000Z","2020-04-07T09:52:16.000Z","a0X0E000003dINDUA2","","a0Z0E000002rpzsUAA","false","0050E00000527RMQAY","2020-04-07T09:52:16.000Z","","","4.0","R-036306","","","","1.0","0050E00000527RMQAY","0.0","","0.0","","2020-04-07T09:52:16.000Z","a4n0E000000n0wsQAA","1.0","iiiii","Per nulla"
"","","","0050E00000527RMQAY","2020-04-07T09:52:22.000Z","2020-04-07T09:52:22.000Z","a0X0E000003dINEUA2","","a0Z0E000002rpzxUAA","false","0050E00000527RMQAY","2020-04-07T09:52:22.000Z","","","4.0","R-036307","","","","2.0","0050E00000527RMQAY","0.0","","0.0","","2020-04-07T09:52:22.000Z","a4n0E000000n0wsQAA","5.0","777777","Molto"
"","","","0050E00000527RMQAY","2020-04-07T09:52:59.000Z","2020-04-07T09:52:59.000Z","a0X0E000003dIMUUA2","","a0Z0E000002rq10UAA","false","0050E00000527RMQAY","2020-04-07T09:52:59.000Z","","","4.0","R-036320","","","","9.0","0050E00000527RMQAY","0.0","","0.0","","2020-04-07T09:52:59.000Z","a4n0E000000n0wsQAA","3.0","","Sufficientemente"
"","","","0050E00000527RMQAY","2020-03-26T09:28:39.000Z","2020-03-26T09:28:39.000Z","a0X0E000003dINoUAM","","a0Z0E000002wMEpUAM","false","0050E00000527RMQAY","2020-03-26T09:28:39.000Z","","","3.0","R-036300","","","","5.0","0050E00000527RMQAY","0.0","","0.0","","2020-03-26T09:28:39.000Z","a4n0E000000n1bHQAQ","5.0","","Molto"
"","","","0050E00000527RMQAY","2020-03-09T09:09:01.000Z","2020-03-09T09:09:01.000Z","a0X0E000003dIO4UAM","","a0Z0E000002vALxUAM","false","0050E00000527RMQAY","2020-03-09T09:09:01.000Z","","","3.0","R-036282","","","","12.0","0050E00000527RMQAY","0.0","","0.0","","2020-03-09T09:09:01.000Z","a4n0E000000n0wsQAA","5.0","","Molto"
"","","","0050E00000527RMQAY","2020-04-21T08:40:36.000Z","2020-04-21T08:40:36.000Z","a0X0E000003dIMYUA2","","a0Z0E000002sQk7UAE","false","0050E00000527RMQAY","2020-04-21T08:40:36.000Z","","","4.0","R-036336","","","","13.0","0050E00000527RMQAY","0.0","","0.0","","2020-04-21T08:40:36.000Z","a4n0E000000n0wsQAA","4.0","","Abbastanza"
"Pastrello Corp Extra","Gold Sponsor","Braazorf","0050E000003vuszQAA","2022-04-07T14:47:13.000Z","2022-04-07T14:47:13.000Z","a0X0E000005aBU9UAM","","a0Z0E000004mOJ0UAM","false","0050E000003vuszQAA","2022-04-07T14:47:13.000Z","","","4.0","R-036380","Ajeje","","","2.0","0050E000009TLUBQA4","2.0","a0H0E00000BFuxQUAT","1.0","","2022-04-07T14:47:13.000Z","","3.0","",""
"","","","0050E00000527RMQAY","2020-03-09T09:08:59.000Z","2020-03-09T09:08:59.000Z","a0X0E000003dIO3UAM","","a0Z0E000002vALsUAM","false","0050E00000527RMQAY","2020-03-09T09:08:59.000Z","","","3.0","R-036281","","","","12.0","0050E00000527RMQAY","0.0","","0.0","","2020-03-09T09:08:59.000Z","a4n0E000000n0wsQAA","5.0","","Molto"
"","","","0050E00000527RMQAY","2020-02-24T08:47:53.000Z","2020-02-24T08:47:53.000Z","a0X0E000003dINBUA2","","a0Z0E000002lY7iUAE","false","0050E00000527RMQAY","2020-02-24T08:47:53.000Z","","","2.0","R-036261","","","","21.0","0050E00000527RMQAY","0.0","","0.0","","2020-02-24T08:47:53.000Z","a4n0E000000n0wsQAA","5.0","","Molto"
"","","","0050E00000527RMQAY","2020-02-24T08:47:49.000Z","2020-02-24T08:47:49.000Z","a0X0E000003dIMJUA2","","a0Z0E000002lY7YUAU","false","0050E00000527RMQAY","2020-02-24T08:47:49.000Z","","","2.0","R-036259","","","","20.0","0050E00000527RMQAY","0.0","","0.0","","2020-02-24T08:47:49.000Z","a4n0E000000n0wsQAA","5.0","","Molto"
"","","","0050E00000527RMQAY","2020-02-20T10:38:29.000Z","2020-02-20T10:38:29.000Z","a0X0E000003dIMDUA2","","a0Z0E000002lMDCUA2","false","0050E00000527RMQAY","2020-02-20T10:38:29.000Z","","","2.0","R-036175","","","","1.0","0050E00000527RMQAY","0.0","","0.0","","2020-02-20T10:38:29.000Z","a4n0E000000n0wsQAA","5.0","","Moltissimo"
"","","","0050E00000527RMQAY","2020-02-20T10:38:27.000Z","2020-02-20T10:38:27.000Z","a0X0E000003dIN5UAM","","a0Z0E000002lMD7UAM","false","0050E000000SMCWQA4","2020-03-02T11:40:25.000Z","","","2.0","R-036174","","","","1.0","0050E00000527RMQAY","0.0","","0.0","","2020-03-02T11:40:25.000Z","a4n0E000000n0wsQAA","5.0","teasfasxasxasdasxasdasxasdasd","Moltissimo"
"","","","0050E00000527RMQAY","2020-02-20T10:38:31.000Z","2020-02-20T10:38:31.000Z","a0X0E000003dIMEUA2","","a0Z0E000002lMDHUA2","false","0050E00000527RMQAY","2020-02-20T10:38:31.000Z","","","2.0","R-036176","","","","2.0","0050E00000527RMQAY","0.0","","0.0","","2020-02-20T10:38:31.000Z","a4n0E000000n0wsQAA","5.0","","Molto"
"","","","0050E00000527RMQAY","2020-02-20T10:38:32.000Z","2020-02-20T10:38:32.000Z","a0X0E000003dIN6UAM","","a0Z0E000002lMDMUA2","false","0050E000000SMCWQA4","2020-03-02T15:23:11.000Z","","","2.0","R-036177","","","","2.0","0050E00000527RMQAY","0.0","","0.0","","2020-03-02T15:23:11.000Z","a4n0E000000n0wsQAA","5.0","klsdfvilsdfiv hdfliuhisdfg hvsidflhvisdfv","Molto"
"","","","0050E00000527RMQAY","2020-02-20T10:38:38.000Z","2020-02-20T10:38:38.000Z","a0X0E000003dIN8UAM","","a0Z0E000002lMDbUAM","false","0050E00000527RMQAY","2020-02-20T10:38:38.000Z","","","2.0","R-036180","","","","4.0","0050E00000527RMQAY","0.0","","0.0","","2020-02-20T10:38:38.000Z","a4n0E000000n0wsQAA","5.0","","Ottima"
"","","","0050E00000527RMQAY","2020-02-20T10:38:44.000Z","2020-02-20T10:38:44.000Z","a0X0E000003dIN9UAM","","a0Z0E000002lMDqUAM","false","0050E00000527RMQAY","2020-02-20T10:38:44.000Z","","","2.0","R-036183","","","","5.0","0050E00000527RMQAY","0.0","","0.0","","2020-02-20T10:38:44.000Z","a4n0E000000n0wsQAA","5.0","","Molto"
"","","","0050E00000527RMQAY","2020-02-20T10:38:46.000Z","2020-02-20T10:38:46.000Z","a0X0E000003dIMIUA2","","a0Z0E000002lMDvUAM","false","0050E00000527RMQAY","2020-02-20T10:38:46.000Z","","","2.0","R-036184","","","","6.0","0050E00000527RMQAY","0.0","","0.0","","2020-02-20T10:38:46.000Z","a4n0E000000n0wsQAA","5.0","","Molto"
"","","","0050E00000527RMQAY","2020-02-20T10:38:50.000Z","2020-02-20T10:38:50.000Z","a0X0E000003dIO8UAM","","a0Z0E000002lME5UAM","false","0050E00000527RMQAY","2020-02-20T10:38:50.000Z","","","2.0","R-036186","","","","11.0","0050E00000527RMQAY","0.0","","0.0","","2020-02-20T10:38:50.000Z","a4n0E000000n0wsQAA","5.0","","Ottimo"
"","","","0050E00000527RMQAY","2020-02-20T10:38:52.000Z","2020-02-20T10:38:52.000Z","a0X0E000003dIO7UAM","","a0Z0E000002lMEAUA2","false","0050E00000527RMQAY","2020-02-20T10:38:52.000Z","","","2.0","R-036187","","","","13.0","0050E00000527RMQAY","0.0","","0.0","","2020-02-20T10:38:52.000Z","a4n0E000000n0wsQAA","5.0","","Molto"
"","","","0050E00000527RMQAY","2020-02-20T10:38:53.000Z","2020-02-20T10:38:53.000Z","a0X0E000003dIO6UAM","","a0Z0E000002lMEFUA2","false","0050E00000527RMQAY","2020-02-20T10:38:53.000Z","","","2.0","R-036188","","","","13.0","0050E00000527RMQAY","0.0","","0.0","","2020-02-20T10:38:53.000Z","a4n0E000000n0wsQAA","5.0","","Molto"
"","","","0050E00000527RMQAY","2020-02-20T10:38:55.000Z","2020-02-20T10:38:55.000Z","a0X0E000003dIO9UAM","","a0Z0E000002lMEPUA2","false","0050E00000527RMQAY","2020-02-20T10:38:55.000Z","","","2.0","R-036189","","","","14.0","0050E00000527RMQAY","0.0","","0.0","","2020-02-20T10:38:55.000Z","a4n0E000000n0wsQAA","5.0","","Molto"
"","","","0050E00000527RMQAY","2020-02-20T10:38:57.000Z","2020-02-20T10:38:57.000Z","a0X0E000003dIM0UAM","","a0Z0E000002lMEUUA2","false","0050E00000527RMQAY","2020-02-20T10:38:57.000Z","","","2.0","R-036190","","","","7.0","0050E00000527RMQAY","0.0","","0.0","","2020-02-20T10:38:57.000Z","a4n0E000000n0wsQAA","5.0","","Moltissimo"
"","","","0050E00000527RMQAY","2020-02-20T10:38:58.000Z","2020-02-20T10:38:58.000Z","a0X0E000003dIMuUAM","","a0Z0E000002lMEZUA2","false","0050E00000527RMQAY","2020-02-20T10:38:58.000Z","","","2.0","R-036191","","","","8.0","0050E00000527RMQAY","0.0","","0.0","","2020-02-20T10:38:58.000Z","a4n0E000000n0wsQAA","5.0","","Moltissimo"
"","","","0050E00000527RMQAY","2020-02-20T10:39:02.000Z","2020-02-20T10:39:02.000Z","a0X0E000003dIM2UAM","","a0Z0E000002lMEjUAM","false","0050E00000527RMQAY","2020-02-20T10:39:02.000Z","","","2.0","R-036193","","","","9.0","0050E00000527RMQAY","0.0","","0.0","","2020-02-20T10:39:02.000Z","a4n0E000000n0wsQAA","5.0","","Moltissimo"
"","","","0050E00000527RMQAY","2020-02-20T10:39:07.000Z","2020-02-20T10:39:07.000Z","a0X0E000003dIM6UAM","","a0Z0E000002lMEyUAM","false","0050E00000527RMQAY","2020-02-20T10:39:07.000Z","","","2.0","R-036196","","","","13.0","0050E00000527RMQAY","0.0","","0.0","","2020-02-20T10:39:07.000Z","a4n0E000000n0wsQAA","5.0","","Molto"
"","","","0050E00000527RMQAY","2020-02-20T10:39:10.000Z","2020-02-20T10:39:10.000Z","a0X0E000003dIM7UAM","","a0Z0E000002lMF8UAM","false","0050E00000527RMQAY","2020-02-20T10:39:10.000Z","","","2.0","R-036198","","","","14.0","0050E00000527RMQAY","0.0","","0.0","","2020-02-20T10:39:10.000Z","a4n0E000000n0wsQAA","5.0","","Molto"
"","","","0050E00000527RMQAY","2020-02-20T10:39:28.000Z","2020-02-20T10:39:28.000Z","a0X0E000003dIMCUA2","","a0Z0E000002lMFwUAM","false","0050E00000527RMQAY","2020-02-20T10:39:28.000Z","","","2.0","R-036209","","","","19.0","0050E00000527RMQAY","0.0","","0.0","","2020-02-20T10:39:28.000Z","a4n0E000000n0wsQAA","5.0","","Ottimo, siamo in sintonia"
"","","","0050E00000527RMQAY","2020-02-20T10:39:12.000Z","2020-02-20T10:39:12.000Z","a0X0E000003dIMzUAM","","a0Z0E000002lMFDUA2","false","0050E00000527RMQAY","2020-02-20T10:39:12.000Z","","","2.0","R-036199","","","","14.0","0050E00000527RMQAY","0.0","","0.0","","2020-02-20T10:39:12.000Z","a4n0E000000n0wsQAA","5.0","","Molto"
"","","","0050E00000527RMQAY","2020-02-20T10:39:15.000Z","2020-02-20T10:39:15.000Z","a0X0E000003dIN0UAM","","a0Z0E000002lMFNUA2","false","0050E00000527RMQAY","2020-02-20T10:39:15.000Z","","","2.0","R-036201","","","","15.0","0050E00000527RMQAY","0.0","","0.0","","2020-02-20T10:39:15.000Z","a4n0E000000n0wsQAA","5.0","","Molto"
"","","","0050E00000527RMQAY","2020-02-20T10:39:17.000Z","2020-02-20T10:39:17.000Z","a0X0E000003dIN1UAM","","a0Z0E000002lMFSUA2","false","0050E00000527RMQAY","2020-02-20T10:39:17.000Z","","","2.0","R-036202","","","","16.0","0050E00000527RMQAY","0.0","","0.0","","2020-02-20T10:39:17.000Z","a4n0E000000n0wsQAA","5.0","","Molto"
"","","","0050E00000527RMQAY","2020-02-20T10:39:20.000Z","2020-02-20T10:39:20.000Z","a0X0E000003dIMAUA2","","a0Z0E000002lMFcUAM","false","0050E00000527RMQAY","2020-02-20T10:39:20.000Z","","","2.0","R-036204","","","","17.0","0050E00000527RMQAY","0.0","","0.0","","2020-02-20T10:39:20.000Z","a4n0E000000n0wsQAA","5.0","","Molto"
"","","","0050E00000527RMQAY","2020-02-20T10:39:22.000Z","2020-02-20T10:39:22.000Z","a0X0E000003dIN2UAM","","a0Z0E000002lMFhUAM","false","0050E00000527RMQAY","2020-02-20T10:39:22.000Z","","","2.0","R-036205","","","","17.0","0050E00000527RMQAY","0.0","","0.0","","2020-02-20T10:39:22.000Z","a4n0E000000n0wsQAA","5.0","","Molto"
"","","","0050E00000527RMQAY","2020-02-20T10:39:27.000Z","2020-02-20T10:39:27.000Z","a0X0E000003dIN4UAM","","a0Z0E000002lMFOUA2","false","0050E00000527RMQAY","2020-02-20T10:39:27.000Z","","","2.0","R-036208","","","","19.0","0050E00000527RMQAY","0.0","","0.0","","2020-02-20T10:39:27.000Z","a4n0E000000n0wsQAA","5.0","","Ottimo, siamo in sintonia"
"","","","0050E00000527RMQAY","2020-02-20T10:39:25.000Z","2020-02-20T10:39:25.000Z","a0X0E000003dIN3UAM","","a0Z0E000002lMFrUAM","false","0050E00000527RMQAY","2020-02-20T10:39:25.000Z","","","2.0","R-036207","","","","18.0","0050E00000527RMQAY","0.0","","0.0","","2020-02-20T10:39:25.000Z","a4n0E000000n0wsQAA","5.0","","Ottimo, siamo in sintonia"
"","","","0050E00000527RMQAY","2020-02-20T10:39:00.000Z","2020-02-20T10:39:00.000Z","a0X0E000003dIM1UAM","","a0Z0E000002lMEeUAM","false","0050E00000527RMQAY","2020-02-20T10:39:00.000Z","","","2.0","R-036192","","","","8.0","0050E00000527RMQAY","0.0","","0.0","","2020-02-20T10:39:00.000Z","a4n0E000000n0wsQAA","5.0","","Moltissimo"
"","","","0050E00000527RMQAY","2020-02-20T10:39:18.000Z","2020-02-20T10:39:18.000Z","a0X0E000003dIM9UAM","","a0Z0E000002lMFXUA2","false","0050E00000527RMQAY","2020-02-20T10:39:18.000Z","","","2.0","R-036203","","","","16.0","0050E00000527RMQAY","0.0","","0.0","","2020-02-20T10:39:18.000Z","a4n0E000000n0wsQAA","5.0","","Molto"
"","","","0050E00000527RMQAY","2020-02-20T10:39:24.000Z","2020-02-20T10:39:24.000Z","a0X0E000003dIMBUA2","","a0Z0E000002lMFmUAM","false","0050E00000527RMQAY","2020-02-20T10:39:24.000Z","","","2.0","R-036206","","","","18.0","0050E00000527RMQAY","0.0","","0.0","","2020-02-20T10:39:24.000Z","a4n0E000000n0wsQAA","5.0","","Ottimo, siamo in sintonia"
"","","","0050E00000527RMQAY","2020-02-20T10:38:36.000Z","2020-02-20T10:38:36.000Z","a0X0E000003dIMFUA2","","a0Z0E000002lMDWUA2","false","0050E00000527RMQAY","2020-02-20T10:38:36.000Z","","","2.0","R-036179","","","","3.0","0050E00000527RMQAY","0.0","","0.0","","2020-02-20T10:38:36.000Z","a4n0E000000n0wsQAA","5.0","","Moltissimo"
"","","","0050E00000527RMQAY","2020-02-20T10:38:34.000Z","2020-02-20T10:38:34.000Z","a0X0E000003dIN7UAM","","a0Z0E000002lMDRUA2","false","0050E00000527RMQAY","2020-02-20T10:38:34.000Z","","","2.0","R-036178","","","","3.0","0050E00000527RMQAY","0.0","","0.0","","2020-02-20T10:38:34.000Z","a4n0E000000n0wsQAA","5.0","","Moltissimo"
"","","","0050E00000527RMQAY","2020-02-20T10:39:05.000Z","2020-02-20T10:39:05.000Z","a0X0E000003dIM5UAM","","a0Z0E000002lMEtUAM","false","0050E00000527RMQAY","2020-02-20T10:39:05.000Z","","","2.0","R-036195","","","","12.0","0050E00000527RMQAY","0.0","","0.0","","2020-02-20T10:39:05.000Z","a4n0E000000n0wsQAA","5.0","","Ottime"
"","","","0050E00000527RMQAY","2020-02-20T10:39:08.000Z","2020-02-20T10:39:08.000Z","a0X0E000003dIMyUAM","","a0Z0E000002lMF3UAM","false","0050E00000527RMQAY","2020-02-20T10:39:08.000Z","","","2.0","R-036197","","","","13.0","0050E00000527RMQAY","0.0","","0.0","","2020-02-20T10:39:08.000Z","a4n0E000000n0wsQAA","5.0","","Molto"
"","","","0050E00000527RMQAY","2020-02-20T10:39:14.000Z","2020-02-20T10:39:14.000Z","a0X0E000003dIM8UAM","","a0Z0E000002lMFIUA2","false","0050E00000527RMQAY","2020-02-20T10:39:14.000Z","","","2.0","R-036200","","","","15.0","0050E00000527RMQAY","0.0","","0.0","","2020-02-20T10:39:14.000Z","a4n0E000000n0wsQAA","5.0","","Molto"
"","","","0050E00000527RMQAY","2020-02-20T10:38:48.000Z","2020-02-20T10:38:48.000Z","a0X0E000003dINAUA2","","a0Z0E000002lME0UAM","false","0050E00000527RMQAY","2020-02-20T10:38:48.000Z","","","2.0","R-036185","","","","6.0","0050E00000527RMQAY","0.0","","0.0","","2020-02-20T10:38:48.000Z","a4n0E000000n0wsQAA","5.0","","Molto"
"","","","0050E00000527RMQAY","2020-02-20T10:39:03.000Z","2020-02-20T10:39:03.000Z","a0X0E000003dIMxUAM","","a0Z0E000002lMEoUAM","false","0050E00000527RMQAY","2020-02-20T10:39:03.000Z","","","2.0","R-036194","","","","12.0","0050E00000527RMQAY","0.0","","0.0","","2020-02-20T10:39:03.000Z","a4n0E000000n0wsQAA","5.0","","Ottime"
"","","","0050E00000527RMQAY","2020-02-20T10:38:40.000Z","2020-02-20T10:38:40.000Z","a0X0E000003dIMGUA2","","a0Z0E000002lMDgUAM","false","0050E00000527RMQAY","2020-02-20T10:38:40.000Z","","","2.0","R-036181","","","","4.0","0050E00000527RMQAY","0.0","","0.0","","2020-02-20T10:38:40.000Z","a4n0E000000n0wsQAA","5.0","","Ottima"
"","","","0050E00000527RMQAY","2020-02-20T10:38:42.000Z","2020-02-20T10:38:42.000Z","a0X0E000003dIMHUA2","","a0Z0E000002lMDlUAM","false","0050E00000527RMQAY","2020-02-20T10:38:42.000Z","","","2.0","R-036182","","","","5.0","0050E00000527RMQAY","0.0","","0.0","","2020-02-20T10:38:42.000Z","a4n0E000000n0wsQAA","5.0","","Molto"
"","","","0050E00000527RMQAY","2020-03-09T09:09:06.000Z","2020-03-09T09:09:06.000Z","a0X0E000003dINvUAM","","a0Z0E000002vAM7UAM","false","0050E00000527RMQAY","2020-03-09T09:09:06.000Z","","","3.0","R-036284","","","","13.0","0050E00000527RMQAY","0.0","","0.0","","2020-03-09T09:09:06.000Z","a4n0E000000n0wsQAA","5.0","","Molto"
"","","","0050E00000527RMQAY","2020-03-17T16:36:53.000Z","2020-03-17T16:36:53.000Z","a0X0E000003dINsUAM","","a0Z0E000002vrYzUAI","false","0050E00000527RMQAY","2020-03-17T16:36:53.000Z","","","3.0","R-036293","","","","6.0","0050E00000527RMQAY","0.0","","0.0","","2020-03-17T16:36:53.000Z","a4n0E000000n0wsQAA","4.0","","Abbastanza"
"","","","0050E00000527RMQAY","2020-04-24T11:52:21.000Z","2020-04-24T11:52:21.000Z","a0X0E000003dIMSUA2","","a0Z0E000002sYsnUAE","false","0050E00000527RMQAY","2020-04-24T11:52:21.000Z","","","4.0","R-036357","","","","7.0","0050E00000527RMQAY","0.0","","0.0","","2020-04-24T11:52:21.000Z","a4n0E000000n1bHQAQ","5.0","","Moltissimo"
"","","","0050E00000527RMQAY","2020-04-24T11:52:27.000Z","2020-04-24T11:52:27.000Z","a0X0E000003dIMYUA2","","a0Z0E000002sYt7UAE","false","0050E00000527RMQAY","2020-04-24T11:52:27.000Z","","","4.0","R-036361","","","","13.0","0050E00000527RMQAY","0.0","","0.0","","2020-04-24T11:52:27.000Z","a4n0E000000n1bHQAQ","5.0","","Molto"
"","","","0050E00000527RMQAY","2020-04-24T11:52:23.000Z","2020-04-24T11:52:23.000Z","a0X0E000003dIMUUA2","","a0Z0E000002sYsxUAE","false","0050E00000527RMQAY","2020-04-24T11:52:23.000Z","","","4.0","R-036359","","","","9.0","0050E00000527RMQAY","0.0","","0.0","","2020-04-24T11:52:23.000Z","a4n0E000000n1bHQAQ","5.0","","Moltissimo"
"","","","0050E00000527RMQAY","2020-04-21T08:40:42.000Z","2020-04-21T08:40:42.000Z","a0X0E000003dINOUA2","","a0Z0E000002sQkMUAU","false","0050E00000527RMQAY","2020-04-21T08:40:42.000Z","","","4.0","R-036339","","","","14.0","0050E00000527RMQAY","0.0","","0.0","","2020-04-21T08:40:42.000Z","a4n0E000000n0wsQAA","2.0","","Non abbastanza"
"Pastrello Corp Extra","Gold Sponsor","Braazorf","0050E000003vuszQAA","2022-04-01T10:38:00.000Z","2022-04-07T14:46:26.000Z","a0X0E000005a4HcUAI","","a0Z0E000004lnsuUAA","false","0050E000003vuszQAA","2022-04-07T14:46:26.000Z","","","4.0","R-036374","Ajeje","","","1.0","0050E000009TLUBQA4","1.0","a0H0E00000BFuxQUAT","1.0","","2022-04-07T14:46:26.000Z","","3.0","",""
