"ABILITALIKE__C","ALLEGATO_1__C","AREA__C","AUTORE__C","CONTENUTO__C","CREATEDBYID","CREATEDDATE","DATA_ORA_NOTIFICA__C","DATA_ORA_PUBBLICAZIONE__C","DOMANDA__C","GENITORE__C","ID","IMMAGINE_DI_COPERTINA__C","IMPOSTAZIONE_COMMENTI__C","IN_EVIDENZA_FINO_A__C","ISDELETED","LASTACTIVITYDATE","LASTMODIFIEDBYID","LASTMODIFIEDDATE","LASTREFERENCEDDATE","LASTVIEWEDDATE","LINK_IMMAGINE_DI_COPERTINA__C","MENU__C","NAME","OWNERID","RIASSUNTO__C","SOTTOTITOLO__C","SYSTEMMODSTAMP","TAG__C","TIPOLOGIA__C","TITOLO__C"
"true","","TFS","a4n0E000000n1bIQAQ","<p>Parte il programma di pre-accelerazione dedicato alle startup con soluzioni innovative per le città del futuro.</p>
<p>La metà della popolazione mondiale abita nei centri urbani che guidano la crescita economica, culturale e tecnologica a livello globale.</p>
<p>Il tasso di urbanizzazione continuerà a crescere e – entro il 2050 – gli abitanti delle città arriveranno al 68% della popolazione.</p>
<p>In questo scenario <strong>è inevitabile il ripensamento degli spazi urbani e la ricerca di soluzioni tecnologiche che rendano le città interconnesse, efficienti e sostenibili</strong>.</p>
<p><strong>Toyota, da sempre mentor e leader sui temi dell’innovazione e della sostenibilità, ha deciso di sostenere URBAN TECH WORK LAB, il programma di pre-accelerazione dedicato al mondo delle startup</strong> con lo scopo di identificare e sviluppare soluzioni innovative per la trasformazione tecnologica delle città.</p>
<p>Le startup selezionate potranno <strong>sviluppare le loro idee in ambito SMART-CITY</strong> in un percorso di accelerazione in sinergia con le corporate sponsor del progetto ed arrivare fino a lanciare il proprio progetto imprenditoriale sul mercato.</p>
<p>Dopo quattro edizioni di grande successo, che hanno portato sul mercato 18 startup, quest’anno LVenture Group e Regione Lazio presentano la quinta edizione del progetto in partnership con Toyota, Linkem, Sara Assicurazioni, Amazon Web Services, Cariplo Factory e Cisco.</p>
<p><strong>Toyota accetta la sfida di Urban Tech perché crede da sempre nella realizzazione di una città totalmente sostenibile, con soluzioni di mobilità che consentano a tutti di muoversi liberamente e senza ostacoli.</strong></p>
<p>Visita il sito e scopri di più sul programma: <a href=""https://www.urbantech.lventuregroup.com/"">www.urbantech.lventuregroup.com</a></p>","0050E0000055FwsQAE","2019-10-11T10:19:40.000Z","2019-10-11T10:00:00.000Z","2019-10-11T10:00:00.000Z","","","a4z0E000000EyqhQAC","https://docs.quintegia.it/Ricerche/TMI_RCC/RCC_Q_201910_UrbanTech.png","Lettura e Scrittura","2019-12-31T22:30:00.000Z","false","","0050E0000055FwsQAE","2019-10-11T14:33:20.000Z","","","","Toyota;Lexus;TFS","ART-00000011","0050E0000055FwsQAE","Parte il programma di pre-accelerazione dedicato alle startup con soluzioni innovative per le città del futuro.","","2019-10-11T14:33:20.000Z","smart-city,startup,accelerazione,innovazione,sostenibilità","Articolo","Toyota sponsor ufficiale di urban tech: face the city challenge"
"true","gs://tmi-rcc-dev.appspot.com/contenuti/2020/aprile/sample.pdf","","a4n0E000000Q8BuQAK","Contenuto Test Circolare 3","0050E000000SMCWQA4","2020-04-15T16:24:34.000Z","","2020-04-15T10:00:00.000Z","","","a4z0E00000021pPQAQ","https://upload.wikimedia.org/wikipedia/commons/thumb/7/72/16x9_by_Pengo.svg/1200px-16x9_by_Pengo.svg.png","Lettura e Scrittura","","false","","0050E000000SMCWQA4","2020-04-16T08:35:14.000Z","","","","","ART-00000015","0050E000000SMCWQA4","Riassunto Test Circolare 3","Sottotitolo Test Circolare 3","2020-04-16T08:35:14.000Z","","Circolare","Test Circolare 3"
"true","","Marketing","a4n0E000000n0wsQAA","""<strong>Pensavamo fosse impossibile perch&eacute; abbiamo iniziato tardi, a 24 anni, ma l&rsquo;et&agrave; non conta. Anche se non si &egrave; pi&ugrave; cos&igrave; giovani, si può sempre partecipare alle Olimpiadi, come abbiamo fatto noi.</strong>"" - <u>LIINA LUIK</u><br><br>La corsa &egrave; entrata a far parte della vita delle sorelle Luik quando avevano gi&agrave; 24 anni. Liina &egrave; stata la prima a scegliere questo sport, incoraggiando poi le sorelle a fare lo stesso. &Egrave; stata una scelta naturale per le sorelle perch&eacute;, come dice Liina, &ldquo;il movimento per noi &egrave; sinonimo di libert&agrave;&rdquo;. Un sano spirito di competizione tra sorelle le ha portate a prefissarsi l&rsquo;obiettivo impossibile e condiviso di correre l&rsquo;una contro l&rsquo;altra, e l&rsquo;una affianco all&rsquo;altra, ai Giochi olimpici.<br><br>Dopo mesi di allenamento senza sosta, le sorelle Luik si sono qualificate alle Olimpiadi di Rio 2016 diventando il primo e unico caso di tre gemelle a prendere parte ai giochi. Dopo la gara, esauste ma colme di gioia, Lily, Liina e Leila si sono abbracciate, orgogliose di aver esaudito il sogno comune di correre insieme come atlete olimpiche.<br><br>&ldquo;Anche se non si &egrave; pi&ugrave; cos&igrave; giovani, si pu&ograve; sempre partecipare alle Olimpiadi, come abbiamo fatto noi&rdquo;, ha dichiarato Liina Luik.","0050E000005VHptQAG","2019-09-10T08:18:15.000Z","2019-06-20T08:00:00.000Z","2019-06-20T08:00:00.000Z","","","a4z0E000000EyExQAK","https://docs.quintegia.it/Ricerche/TMI_RCC/RCC_Q_201909_Olimpiadi_RaggiungereLImpossibile_imgCover.jpg","Lettura e Scrittura","2019-12-31T22:30:00.000Z","false","","0050E000005VHptQAG","2019-09-12T07:29:21.000Z","","","","Toyota;Lexus","ART-00000004","0050E000005VHptQAG","<strong>Raggiungere l’impossibile:</strong> questa storia appassionante ci dimostra cosa diventa possibile quando ci spingiamo oltre i limiti della mobilità umana.","","2019-09-12T07:29:21.000Z","olimpiadi,storieimpossibili","Articolo","Le nostre storie impossibili"
"true","","TIM","a4n0E000000n0wsQAA","<p>Lo sviluppo delle scatole nere in Italia è stato fortemente legato all’evoluzione generale della tecnologia che ha impattato in modo significativo sui prodotti assicurativi. Si è rapidamente passati dal “<strong>Pay As You Drive</strong>” (polizza a chilometraggio) al “<strong>Pay How You Drive</strong>” (basato sul comportamento di guida). Lo sviluppo è stato particolarmente rapido: se agli inizi di questo decennio le polizze RCA Telematiche erano inferiori al 5%, nel 2018 hanno raggiunto quasi il 21%.</p>
<p>Inizialmente le scatole nere avevano un maggior appeal tra i giovani (18-31 anni), oggi sono apprezzate uniformemente da clienti di ogni età.</p>
<p>Guardando alle caratteristiche del veicolo, negli ultimi due anni si osserva come la penetrazione di tali dispositivi sia cresciuta trasversalmente, e in maniera più pronunciata per le vetture di bassa cilindrata, che presentano ora l’incidenza più elevata (20,4%).</p>
<p>Da un punto di vista territoriale, nel 2012 i contratti RCA Telematica erano diffusi prevalentemente al Sud. <strong>A partire dal 2017 la presenza di black box appare ormai diffusa su tutto il territorio italiano</strong>: mediamente un contratto su cinque presenta il dispositivo telematico.</p>
<p>Risulta pertanto evidente che il mercato delle polizze RCA connesse è in crescita uniforme e non interessa solo i clienti di aree rischiose, ma cresce uniformemente in tutta Italia.</p>
<p>Da Maggio 2018 su tutti i veicoli della gamma <strong>Toyota</strong> e <strong>Lexus</strong> è possibile proporre la copertura <strong>RCA Connected captive</strong> che, sfruttando i dati telematici raccolti dal dispositivo installato, permette ai clienti di usufruire degli sconti sia in fase di prima emissione, sia in fase di rinnovo.</p>","0050E000005VHptQAG","2019-09-11T13:03:09.000Z","2019-10-20T08:00:00.000Z","2019-10-20T08:00:00.000Z","","","a4z0E000000EyI1QAK","https://docs.quintegia.it/Ricerche/TMI_RCC/RCC_Q_201909_Assicurazioni_ScatoleNere.jpg","Lettura e Scrittura","2019-12-31T09:00:00.000Z","false","","0050E000000SMCWQA4","2019-10-23T07:53:10.000Z","","","","Toyota;Lexus;TIM","ART-00000010","0050E000005VHptQAG","Il mercato delle polizze RCA connesse è in crescita uniforme su tutto il territorio nazionale. Negli anni si è passati dal “Pay As You Drive” (polizza a chilometraggio) al “Pay How You Drive” (basato sul comportamento di guida). Da Maggio 2018 su tutti i veicoli della gamma Toyota e Lexus è possibile proporre la copertura RCA Connected captive.","","2019-10-23T07:53:10.000Z","assicurazione, scatola nera, RCA Connected","Articolo","La diffusione delle scatole nere nel mercato assicurativo italiano"
"true","","Marketing","a4n0E000000n0wsQAA","""<strong>Sotto la bandiera Olimpica e Paralimpica vogliamo riaffermare il potere dello sport di unire le persone</strong>."" - <u>AKIO TOYODA Presidente di Toyota Motor Corporation</u><br><br><strong>L'impegno di Toyota</strong>: siamo totalmente impegnati a sprigionare il massimo potenziale umano attraverso la forza del movimento, questo &egrave; il motivo per cui siamo orgogliosi Partner dei Giochi Olimpici e Paralimpici.<br><br>I Giochi sono la pi&ugrave; grande celebrazione esistente del movimento umano. &Egrave; durante i Giochi che impariamo il vero potere dello sport: lo sport ci sfida, ci ispira e, soprattutto, ci unisce. E in qualit&agrave; di Partner Mondiale per la Mobilit&agrave; dei Giochi Olimpici e Paralimpici, condividiamo l'obiettivo di ispirare le persone a spingersi in avanti, oltre la linea d&rsquo;arrivo, oltre ci&ograve; che ritengono impossibile.<br><br>Nell&rsquo;impegno di portare la promessa delle discipline sportive in ogni angolo del mondo, stiamo lavorando con il CIO (Comitato Olimpico Internazionale) e il CPI (Comitato Paralimpico Internazionale) per aiutare gli aspiranti olimpionici e paralimpionici a realizzare il loro sogno, indipendentemente dalle circostanze.<br><br><img src=""https://docs.quintegia.it/Ricerche/TMI_RCC/RCC_Q_201909_Olimpiadi_IspiriamoilMondoaMuoversi_imgInterna_2.jpg""/>","0050E000005VHptQAG","2019-09-10T08:12:37.000Z","2019-06-04T08:00:00.000Z","2019-06-04T08:00:00.000Z","","","a4z0E000000EyEsQAK","https://docs.quintegia.it/Ricerche/TMI_RCC/RCC_Q_201909_Olimpiadi_IspiriamoilMondoaMuoversi_imgCover.jpg","Lettura e Scrittura","2019-12-31T22:30:00.000Z","false","","0050E000005VHptQAG","2019-09-12T07:29:45.000Z","","","","Toyota;Lexus","ART-00000003","0050E000005VHptQAG","<strong>L&rsquo;impegno di Toyota</strong>: siamo totalmente impegnati a sprigionare il massimo potenziale umano attraverso la forza del movimento.","","2019-09-12T07:29:45.000Z","olimpiadi,paralimpiadi,partner,impegno","Articolo","Ispiriamo il mondo a muoversi"
"true","","Marketing","a4n0E000000n0wsQAA","<p>
    Riepilogo
</p>
<ul>
    <li><strong>Sabato 23 novembre si è svolta la quarta edizione di Guerra di Parole, il duello di retorica e rap
            tra
            detenuti di San Vittore e studenti dell’Università Statale, che ha visto salire sul podio anche
            quest’anno
            la squadra dei detenuti. Il premio speciale dell’oratoria è andato a Stefania, una delle ospiti della
            Casa
            Circondariale di San Vittore</strong><br/></li>
    <li><strong>La sfida è stata organizzata dall’Associazione PerLaRe che, in questo evento, è stata sostenuta da
            Toyota Motor Italia</strong><br/></li>
    <li><strong>Tema del dibattito di quest’anno: “L'opinione pubblica è il sale della democrazia o il dominio del
            populismo?” </strong><br/></li>
    <li><strong>A decretare i vincitori una giuria formata da Mauro Caruccio, Amministratore Delegato Toyota Motor
            Italia, e rappresentanti del mondo della cultura, dell’arte e dell’informazione. </strong><br/></li>
</ul>
<p>Si è svolto a <strong>Milano</strong>, il <strong>23 novembre 2019</strong> presso il carcere di <strong>San Vittore
        #Guerradiparole 2019, il duello di retorica e rap tra detenuti di San Vittore e studenti dell’Università
        Statale</strong> di Milano. Lo “scontro” di questa quarta edizione è avvenuto sul tema “<strong>L'opinione
        pubblica
        è il sale della democrazia o il dominio del populismo</strong>?” e le due squadre hanno dovuto sostenere sia la
    tesi
    a favore che, subito dopo, quella contraria, anche improvvisando al ritmo di rap, per dimostrare le loro capacità
    oratorie e aggiudicarsi la vittoria. Anche quest’anno ha vinto la squadra dei detenuti. Il premio speciale
    dell’oratoria
    è andato a Stefania, una delle ospiti della Casa Circondariale di San Vittore.</p>
<p><strong>Toyota Motor Italia</strong>, partner dell’iniziativa per il terzo anno consecutivo, era presente con il suo
    <strong>Amministratore Delegato Mauro Caruccio</strong>, membro della giuria insieme a Alessandra Carli, giornalista
    del
    Tg3; Valeria della Valle, linguista; Diodato, cantante; Maupal, street artist; Fabio Novelli, Solvey Italy
    Communication; Simona Colarizi, storica.</p>
<img src=""https://docs.quintegia.it/Ricerche/TMI_RCC/RCC_Q_201912_GuerraParole_2.jpg"" />
<p>“Con grande piacere sosteniamo da tre anni questa bella iniziativa perché riteniamo che il contributo alla comunità
    nella quale siamo inseriti debba realizzarsi attraverso forme diverse - <strong>afferma Mauro Caruccio,
        Amministratore
        Delegato di Toyota Motor Italia</strong>. Sono rimasto davvero colpito dall’entusiasmo e dalla determinazione
    dei
    protagonisti che hanno accettato una sfida importante, mettendosi in gioco in un campo complesso come quello della
    dialettica, dovendo superare i propri limiti, ma anche imparando che, grazie all’arte della retorica, è possibile
    far
    valere le proprie ragioni, affermare la propria posizione nel pieno rispetto dell’altro e solo attraverso la forza
    delle
    parole e delle argomentazioni. Questa attitudine è presente anche nella filosofia di Toyota, del Kaizen, del
    miglioramento continuo volto al superamento costante di sfide impossibili, mettendo al centro il rispetto delle
    persone
    e l’importanza del lavoro di squadra. Guerra di Parole rientra nella campagna globale “Start Your Impossible”,
    lanciata
    nel 2017 da Toyota, con la quale cerchiamo di dimostrare, attraverso storie di determinazione, come si possono
    affrontare le sfide che la vita ci pone dinnanzi e superare i propri limiti, con atti di coraggioso ma fondamentale
    cambiamento. Lo stesso impegno che quotidianamente ci guida nell’offrire soluzioni di mobilità sempre più
    innovative,
    efficienti e inclusive”.</p>
<p>“Molti pensano che la retorica sia roba da accademici, lontana dalla vita di tutti i giorni – <strong>ha dichiarato
        Flavia Trupia, promotrice di Guerra di parole e presidente dell’Associazione PerLaRetorica</strong>. Non è così.
    L'arte del dire è utile a scuola, nel lavoro e nella vita per ottenere ragione, con la forza della parola. La
    retorica è
    fondamentale per gli studenti universitari che dovranno entrare nel mondo del lavoro. E lo è anche per i detenuti
    che,
    una volta scontata la pena, dovranno reinserirsi nella società. Iniziative come la Guerra di Parole dimostrano che
    la
    retorica dovrebbe essere reinserita nei programmi scolastici, perché non solo ci aiuta a esprimerci meglio ma,
    conoscerne i meccanismi e le malìe, ci vaccina contro il populismo e la manipolazione”.</p>
<img src=""https://docs.quintegia.it/Ricerche/TMI_RCC/RCC_Q_201912_GuerraParole_3.jpg"" />
<p>La #GuerradiParole è un confronto dialettico che ha l’obiettivo di premiare la squadra maggiormente in grado di
difendere la propria tesi con argomentazioni credibili e sintetiche, senza perdere la calma o insultare l’avversario. Un
sofisticato esercizio di auto-controllo e di civiltà, che consiste nell’affermare le proprie ragioni solo con lo
strumento pacifico della parola. Le gare di retorica hanno l’obiettivo di preparare i partecipanti ad affrontare la vita
e il lavoro, contesti in cui è inevitabile confrontarsi con opinioni diverse. <strong>Le squadre sono state preparate da
Flavia Trupia, Enrico Roccaforte, attore e regista, e dal rapper Amir Issaa</strong>.</p>
<p>Sono <strong>partner del progetto</strong> la Crui, Conferenza dei Rettori delle Università Italiane, la Casa
    Circondariale di San Vittore e l’Università Statale, insieme all’Unione Camere Penali Italiane, Camera Penale di
    Milano,
    Osservatorio Carceri Ucpi, AST Santi Paolo e Carlo, Amici della Nave, Ferpi-Federazione delle Relazioni Pubbliche
    Italiana.</p>
<a href=""https://newsroom.toyota.it/toyota-partner-di-guerradiparole2019/"">
    https://newsroom.toyota.it/toyota-partner-di-guerradiparole2019/</a>","0050E000000SMCWQA4","2019-12-03T10:10:17.000Z","2019-12-02T09:00:00.000Z","2019-12-02T09:00:00.000Z","","","a4z0E0000006kffQAA","https://docs.quintegia.it/Ricerche/TMI_RCC/RCC_Q_201912_GuerraParole_1.jpg","Lettura e Scrittura","2020-02-29T22:30:00.000Z","false","","0050E000000SMCWQA4","2020-02-25T09:40:40.000Z","","","","Toyota;Lexus;TFS;TIM;TFM","ART-00000012","0050E000000SMCWQA4","Sabato 23 novembre si è svolta la quarta edizione di Guerra di Parole, il duello di retorica e rap tra detenuti di San Vittore e studenti dell’Università Statale, che ha visto salire sul podio anche quest’anno la squadra dei detenuti. La sfida è stata organizzata dall’Associazione PerLaRe che, in questo evento, è stata sostenuta da Toyota Motor Italia.","","2020-02-25T09:40:40.000Z","idrogeno, Toyota Mirai, Venezia, mobilità sostenibile","Articolo","Toyota Partner di #guerradiparole2019"
"true","","Sales","a4n0E000000n0wsQAA","<p>Le auto ibride ed elettriche sono le alimentazioni pi&ugrave; prese in considerazione nell&rsquo;ipotesi di un acquisito futuro dai consumatori italiani. L&rsquo;ibrido in particolare verrebbe valutato dal 75% dei consumatori con buona probabilit&agrave;. &Egrave; evidente che l&rsquo;orientamento verso una mobilit&agrave; sostenibile dal punto di vista ambientale, attraverso tecnologie ibrido-elettriche, sta diventando sempre pi&ugrave; un&rsquo;occasione di valutazione e scelta concreta da parte dei consumatori. Questo dimostra che la linea visionaria intrapresa dal marchio Toyota, anticipatoria del cambiamento, sta seguendo la giusta direzione.</p><p>&Egrave; quanto emerge dall&rsquo;indagine Automotive Customer Study condotta nel 2019 da Quintegia su un campione qualificato di oltre 3.000 clienti che hanno acquistato l&rsquo;auto negli ultimi 2 anni.</p>","0050E000005VHptQAG","2019-09-10T10:40:22.000Z","2019-09-02T08:00:00.000Z","2019-09-02T08:00:00.000Z","","","a4z0E000000EyFqQAK","https://docs.quintegia.it/Ricerche/TMI_RCC/RCC_Q_201909_CustomerStudy_Alimentazione_imgCover.jpg","Lettura e Scrittura","2019-12-31T09:00:00.000Z","false","","0050E000005VHptQAG","2019-09-12T07:28:29.000Z","","","","Toyota;Lexus","ART-00000007","0050E000005VHptQAG","Le auto ibride ed elettriche sono le alimentazioni più prese in considerazione nell’ipotesi di un acquisito futuro dai consumatori italiani. L’ibrido in particolare verrebbe valutato dal 75% dei consumatori con buona probabilità.","","2019-09-12T07:28:29.000Z","ibrido,elettrico,mobilità sostenibile,alimentazioni","Articolo","Customer Study: l’ibrido è il motore preferito"
"true","","Marketing","a4n0E000000n0wsQAA","<p>Venezia sperimenta la mobilità a idrogeno, il carburante che rilascia allo scarico esclusivamente vapore acqueo. Nel pomeriggio di giovedì 5 settembre 2019 a Mestre, nell’ambito degli eventi organizzati per la ‘Japan Week’ dalla Fondazione Italia Giappone, il Comune e la Città Metropolitana di Venezia, Eni e Toyota hanno firmato un accordo finalizzato a valutare la realizzazione di una stazione di rifornimento a idrogeno nel territorio del Comune di Venezia.</p>
<p>L’accordo prevede che, in caso di conclusione positiva dello studio di fattibilità che sarà subito avviato, Eni renda operativa una stazione di rifornimento di idrogeno in una delle stazioni di servizio della società situate nel territorio comunale veneziano, che sarà individuata entro il 31 dicembre 2019, mentre Toyota metterà a disposizione una flotta di 10 Mirai che verrà rifornita nell’impianto di rifornimento di Eni.</p>
<p><img
src=""https://docs.quintegia.it/Ricerche/TMI_RCC/RCC_Q_201909_ToyotaMirai_Mestre.jpg""/></p>
<p>Questo accordo si inserisce nel quadro della collaborazione già avviata da tempo da Toyota, Eni, Comune e Città metropolitana di Venezia per la realizzazione di un progetto sperimentale finalizzato alla promozione della mobilità sostenibile e a basse emissioni nel territorio veneziano, e segna un passo concreto verso la realizzazione di una rete di distribuzione che permetta la circolazione di mezzi alimentati ad idrogeno.</p>
<p>“A Venezia, una delle città più resilienti del mondo – ha esordito il <strong>sindaco di Venezia Luigi Brugnaro</strong> – siamo partiti dal presupposto che la sostenibilità ambientale fa sempre il paio con il tema delle risorse economiche. Vogliamo dimostrare che l’attenzione all’ambiente, non deve essere percepita come un costo per la collettività, ma diventa volano per l’economia circolare. Un esempio per l’Italia e l’Europa che nasce nel cuore produttivo ed industriale di Porto Marghera. Con Eni e Toyota implementiamo una partnership pubblico-privata che punta alla ricerca ed innovazione a ricaduta produttiva”.</p>
<p>“L’idrogeno è una molecola che già usiamo nelle nostre attività - dichiara <strong>Giuseppe Ricci, Chief Refining & Marketing Officer di Eni</strong> – in particolare nel ciclo bio della raffinazione, principalmente per rimuovere l’ossigeno dalle cariche vegetali, dagli oli usati di frittura, grassi animali e altri scarti con cui a Porto Marghera produciamo biocarburanti. Abbiamo inoltre iniziato a investire studiando tecnologie per la sua produzione a partire dai rifiuti solidi urbani e dalle plastiche non riciclabili, oltre che per la mobilità, di cui l’accordo sottoscritto oggi rappresenta un importante <i>milestone</i> per un futuro low carbon. L’idrogeno costituisce un tassello importante nel percorso di de-carbonizzazione di Eni per la riduzione delle emissioni di gas climalteranti. Con le stazioni idrogeno, Eni intende rafforzare ulteriormente la sua offerta di carburanti a basso impatto ambientale: in una rete di 4.400 impianti, 3.500 erogano Eni Diesel+, il gasolio che contiene il biocarburante prodotto nella bioraffineria di Venezia e da poco anche da quella di Gela, mentre circa 200 impianti erogano metano (di cui 2 GNL) e presto anche bio-metano”.</p>
<p>“Oggi è un giorno molto importante per lo sviluppo dell’infrastruttura di rifornimento d’idrogeno in Italia e siamo orgogliosi di fare la nostra parte insieme con Venezia e con Eni, due partner d’eccellenza, che condividono con noi obiettivi ed ideali di sostenibilità - dichiara <strong>Mauro Caruccio, AD di Toyota Motor Italia</strong>. Siamo convinti del potenziale dell’idrogeno per favorire il processo di decarbonizzazione della nostra società. Nel percorso verso una mobilità a zero emissioni avrà un ruolo da protagonista e complementare con altre soluzioni tecnologiche elettrificate. Per questo motivo abbiamo iniziato ad investire nello sviluppo della tecnologia a celle a combustibile oltre 20 anni fa e nel 2014 abbiamo introdotto Mirai, prima berlina ad idrogeno prodotta in serie, frutto della continua evoluzione della piattaforma ibrida-elettrica di Toyota”.</p>","0050E000005VHptQAG","2019-09-11T11:03:46.000Z","2019-09-05T08:00:00.000Z","2019-09-05T08:00:00.000Z","","","a4z0E000000EyHSQA0","https://docs.quintegia.it/Ricerche/TMI_RCC/RCC_Q_201909_Accordo_Toyota-Venezia-Eni_Mestre.jpg?v=2","Lettura e Scrittura","2020-02-29T22:30:00.000Z","false","","0050E000000SMCWQA4","2020-04-10T08:11:14.000Z","","","","Toyota","ART-00000009","0050E000005VHptQAG","Nel pomeriggio di giovedì 5 settembre 2019 a Mestre, il Comune e la Città Metropolitana di Venezia, Eni e Toyota hanno firmato un accordo finalizzato a valutare la realizzazione di una stazione di rifornimento a idrogeno nel territorio del Comune di Venezia.","","2020-04-10T08:11:14.000Z","idrogeno, Toyota Mirai, Venezia, mobilità sostenibile","COVID19","Venezia capitale dell’idrogeno: siglato accordo tra comune di Venezia, Eni e Toyota"
"true","","","a4n0E000000n0wsQAA","<p><span style=""font-size: 11.0pt; font-family: 'Calibri',sans-serif; color: #1e2a32;"">In occasione del Forum di&nbsp;<strong><span style=""font-family: 'Calibri',sans-serif;"">Automotive Dealer Day (Verona, 14-16 maggio 2019)</span></strong>, principale evento B2B per il settore auto in Europa organizzato da Quintegia, azienda che si occupa di innovazione attraverso Ricerca, Competenze e Networking, sono stati presentati i risultati dalla sedicesima edizione dello Studio&nbsp;<strong><span style=""font-family: 'Calibri',sans-serif;"">DealerSTAT</span></strong>.</span></p><p><span style=""font-size: 11.0pt; font-family: 'Calibri',sans-serif; color: #1e2a32;"">DealerSTAT &egrave; l&rsquo;indagine sulla soddisfazione rivolta ai titolari di concessionarie italiane, la cui rilevazione &egrave; avvenuta da febbraio ad aprile, coinvolgendo 32 marchi e oltre il 60% dei dealer italiani, con un totale di 1.419 questionari raccolti.</span></p><p><span style=""font-size: 11.0pt; font-family: 'Calibri',sans-serif; color: #1e2a32;"">Toyota non solo si conferma tra le Top 20, ma ottiene il&nbsp;<strong><span style=""font-family: 'Calibri',sans-serif;"">4&deg; posto</span></strong>&nbsp;nella classifica complessiva, salendo di ben 9 posizioni rispetto allo scorso anno.</span></p><p><strong><span style=""font-size: 11.0pt; font-family: 'Calibri',sans-serif; color: #1e2a32;"">Toyota si &egrave; aggiudicata il premio DealerSTAT 2019 quale &lsquo;Marchio Pi&ugrave; Innovativo&rsquo;</span></strong><span style=""font-size: 11.0pt; font-family: 'Calibri',sans-serif; color: #1e2a32;"">.</span></p><p><span style=""font-size: 11.0pt; font-family: 'Calibri',sans-serif; color: #1e2a32;"">&ldquo;Considerando che ci sono tante trasformazioni in atto e occorre innovare a 360&deg;, come immagina il marchio da lei rappresentato con una prospettiva a 3 anni?&rdquo;</span></p><p><span style=""font-size: 11.0pt; font-family: 'Calibri',sans-serif; color: #1e2a32;"">Questo uno dei quesiti DealerSTAT proposto ai concessionari italiani di autovetture, dall'analisi delle risposte emerge che il marchio pi&ugrave; innovativo &egrave; Toyota. L&rsquo;85% dei dealer Toyota ritiene che il marchio sar&agrave; un grande innovatore con una prospettiva a 3 anni. A seguire in classifica troviamo Volvo, BMW, Lexus e Audi, tutte con percentuali oltre il 60%.</span></p><p><span style=""font-size: 11.0pt; font-family: 'Calibri',sans-serif; color: #1e2a32;"""">A salire sul palco per ritirare il premio&nbsp;<strong><span style=""""font-family: 'Calibri',sans-serif;"">Mauro Caruccio, Amministratore Delegato Toyota Motor Italia</span></strong>.</span></p><p><span style=""font-size: 11.0pt; font-family: 'Calibri',sans-serif; color: #1e2a32;"">&ldquo;&Egrave; motivo di grande orgoglio ricevere questo riconoscimento dai nostri Concessionari perch&eacute; conferma che il processo di innovazione attivato anche nelle aree Sales, Marketing e Service sta portando un reale valore aggiunto ai nostri partner, impegnati quotidianamente nel rendere Toyota e Lexus sempre pi&ugrave; affini alle esigenze del cliente &ndash; dichiara Mauro Caruccio &ndash; Nella rivoluzione senza precedenti che l&rsquo;industria automobilistica sta vivendo, la &lsquo;distribuzione&rsquo; e la &lsquo;produzione&rsquo; meritano lo stesso livello di attenzione. &Egrave; quello che stiamo facendo, con la stessa visione e coerenza di chi &ndash; oltre 20 anni fa &ndash; ha avuto il coraggio di intraprendere il percorso verso la progressiva elettrificazione dei sistemi di trazione.&rdquo;</span></p><p><span style=""font-size: 11.0pt; font-family: 'Calibri',sans-serif; color: #1e2a32;"">Nelle categorie di dettaglio e a conferma del primato sull&rsquo;innovazione Toyota ottiene il primo posto per aver definito un CRM funzionale alle esigenze dei Concessionari.</span></p><p><strong><span style=""font-size: 11.0pt; font-family: 'Calibri',sans-serif; color: #1e2a32;"">Per approfondimenti, &egrave; disponibile su richiesta la sintesi di DealerSTAT 2019</span></strong><span style=""font-size: 11.0pt; font-family: 'Calibri',sans-serif; color: #1e2a32;"">&nbsp;(sintesi@quintegia.it)<strong><span style=""font-family: 'Calibri',sans-serif;"">.</span></strong></span></p>","0050E000005VHptQAG","2019-09-10T09:38:32.000Z","2019-05-20T08:00:00.000Z","2019-05-20T08:00:00.000Z","","","a4z0E000000EyF7QAK","https://docs.quintegia.it/Ricerche/TMI_RCC/RCC_Q_201909_DealerSTAT_MarchioInnovativo_imgCover.jpg","Lettura e Scrittura","2019-12-31T22:30:00.000Z","false","","0050E000005VHptQAG","2019-09-11T08:30:12.000Z","","","","Toyota","ART-00000006","0050E000005VHptQAG","Ad Automotive Dealer Day sono stati presentati i risultati DealerSTAT 2019. Toyota si aggiudica il 1° posto quale marchio più innovativo, coronando il grande lavoro che l’azienda sta conducendo con i Concessionari. Nella classifica di soddisfazione complessiva dei Dealer, Toyota si colloca al 4° posto, in crescita di ben 9 posizioni dallo scorso anno.","","2019-09-11T08:30:12.000Z","DealerSTAT,marchio innovativo","Articolo","DealerSTAT 2019: Toyota è il marchio più innovativo secondo i dealer italiani"
"true","","Marketing","a4n0E000000n0wsQAA","<p>Come ogni anno ritorna il <strong>Giffoni Film Festival</strong>, festival cinematografico per bambini e ragazzi, che quest’anno si svolgerà dal 19 al 27 luglio a Giffoni Valle Piana (Salerno). Il coraggio di superare i confini, la ricerca della propria voce, l'amore che cambia la vita, le difficoltà che formano e sfidano a crescere, la grande storia che non smette mai di insegnare e di far parte del presente sono i temi al centro delle oltre 100 produzioni internazionali provenienti da tutta Europa ma anche da Giappone, Corea del Sud, Iran, Canada e Stati Uniti in concorso alla 49^ edizione del Giffoni Film Festival.</p>
<p>Il tema dominante del triennio 2018 – 2020 è la <strong>salvaguardia del pianeta e di tutti i suoi elementi</strong>.</p>
<p>Toyota Motor Italia ha stretto una partnership con Giffoni e quest’anno sarà sponsor principale per i servizi di mobilità, mettendo a disposizione una flotta di 20 vetture Full Hybrid di quarta generazione, composta da Nuova Corolla e RAV4. Sarà presente anche Mirai, la prima berlina Toyota alimentata a idrogeno prodotta in serie. </p>
<p>“La collaborazione con Giffoni nasce dal comune impegno per la crescita culturale di bambini e ragazzi sul tema della sostenibilità, che per Toyota rappresenta un elemento fondante della propria visione del futuro – <strong>dichiara Mauro Caruccio, AD di Toyota Motor Italia</strong>. Toyota ha infatti l’aspirazione di migliorare la vita delle persone, fornendo soluzioni di mobilità ad alta efficienza energetica e a ridotte emissioni, in linea con il piano strategico di lungo termine, il <strong>Toyota Environmental Challenge 2050</strong>” conclude Mauro Caruccio. </p>
<p>Durante la manifestazione, Toyota darà il proprio contributo in una serie di attività:</p>
<ul>
<li>Toyota Motor Italia ha lanciato un contest per l’identificazione di una giuria Toyota, i cui membri avranno il compito, in qualità di Ambassador Toyota, di effettuare delle interviste sul tema della mobilità sostenibile ai VIP che si avvicenderanno sul Blue Carpet. Il tema del contest è ‘<strong>Arrivare dove non credevi</strong>’, che sintetizza l’impegno di Toyota alla creazione di una società inclusiva attraverso l’utilizzo delle proprie soluzioni tecnologiche;</br></li>
<li>nell’ambito delle masterclass organizzate per gli ‘ex-Giffoners’ (ragazzi dai 18 ai 25 anni), <strong>Toyota sarà protagonista di una masterclass dedicata</strong>, con una lectio magistralis, che affronterà il tema della sostenibilità ambientale e della strategia di Toyota per il futuro, fornendo così uno spunto interessante per i giovani che si affacciano al mondo delle Imprese;</br></li>
<li><strong>Dream Team Toyota</strong>: sempre all’interno del Festival e sotto l’ègida di <strong>Giffoni Innovation Hub</strong>, (agenzia creativa che progetta e realizza eventi di innovazione digitale, sociale e culturale) si svolgeranno dei laboratori nei quali i ragazzi del Dream Team si riuniranno e lavoreranno insieme nell’ideazione, progettazione e realizzazione di strategie, prototipi e servizi legati al tema trasmesso dalle aziende sponsor. Il progetto identificato da Toyota consiste nella ideazione e progettazione di uno strumento di Smart Learning sul tema della Mobilità Sostenibile, che potrà essere utilizzato per la formazione interna all’Organizzazione (inclusa la Rete delle Concessionarie Toyota e Lexus) e nelle scuole. I progetti saranno presentati sabato 27 nella giornata dedicate al Demo day;</br></li>
<li><strong>premio speciale Toyota</strong>: il 26 luglio sarà assegnato un premio speciale Toyota ad uno dei film in programmazione, quello che meglio – secondo l’azienda – saprà interpretare il tema della mobilità sostenibile.</br></li>
</ul>
<p>""Siamo onorati di iniziare questa partnership con Toyota - ha dichiarato il <strong>fondatore e direttore di Giffoni Experience, Claudio Gubitosi</strong> - un’azienda visionaria, che guarda al futuro in maniera positiva, proprio come Giffoni Experience. Grazie a Toyota avremo la possibilità di parlare ai ragazzi ed alle famiglie non di automobili, bensì di mobilità nel senso più ampio del termine e di come è possibile superare - con impegno, costanza e intelligenza - i limiti che spesso la vita e la società ci impongono.”</br></p>
<p><img
src=""https://docs.quintegia.it/Ricerche/TMI_RCC/RCC_Q_201909_Toyota-Giffoni.jpg""/></p>
<p></br><small><strong><i>Giffoni Experience</i></strong></small></p>
<p><small><i> Il Giffoni Film Festival nasce nel 1970, grazie all’ambizione e alla determinazione di Claudio Gubitosi. Il festival è da quasi 50 anni, in tutto il mondo, il punto di riferimento del migliore cinema internazionale per bambini, adolescenti, ragazzi e famiglie. Dal 2009 l'evento Giffoni si trasforma in una factory culturale attiva tutto l'anno: ""Giffoni Experience"". Con oltre 560 attività nel corso di tutto l’anno, sia in Italia che all’estero, Giffoni è in continua crescita, anche grazie alla Multimedia Valley: pensata per offrire stimoli e opportunità ai giovani talenti, è la più importante realtà del sud Italia dedicata a formazione, produzione e innovazione. Nelle passate edizioni del festival sono giunte centinaia di migliaia di famiglie e milioni di giffoners: Giffoni, più che un evento, è una bella storia italiana conosciuta ed amata in tutto il mondo.</i></small></p>","0050E000005VHptQAG","2019-09-10T13:18:25.000Z","2019-07-08T08:00:00.000Z","2019-07-08T08:00:00.000Z","","","a4z0E000000EyFvQAK","https://docs.quintegia.it/Ricerche/TMI_RCC/RCC_Q_201909_GiffoniFilmFestival.jpg?v=2","Lettura e Scrittura","2019-12-31T09:00:00.000Z","false","","0050E000000SMCWQA4","2019-09-13T08:13:27.000Z","","","","Toyota","ART-00000008","0050E000005VHptQAG","Si aprirà il 19 luglio la 49^ edizione del Giffoni Film Festival, festival cinematografico che si svolge a Giffoni Valle Piana (Salerno). Toyota per la prima volta ne sarà sponsor principale per i servizi di mobilità, ospitando oltre alla nuova Corolla e RAV4 anche la Mirai, la prima berlina ad idrogeno di casa Toyota.","","2019-09-13T08:13:27.000Z","mobilità sostenibile, emissioni ridotte, giovani, festival cinematografico, Giffoni 2019","Articolo","Toyota e Giffoni insieme per la mobilità sostenibile"
"true","","","a4n0E000000Q8BuQAK","Contenuto Test Circolare 2","0050E000000SMCWQA4","2020-04-15T15:27:20.000Z","","2020-04-15T10:00:00.000Z","","","a4z0E00000021pFQAQ","https://upload.wikimedia.org/wikipedia/commons/thumb/7/72/16x9_by_Pengo.svg/1200px-16x9_by_Pengo.svg.png","Lettura e Scrittura","","false","","0050E000000SMCWQA4","2020-04-15T15:27:20.000Z","","","","","ART-00000014","0050E000000SMCWQA4","Riassunto Test Circolare 2","Sottotitolo Test Circolare 2","2020-04-15T15:27:20.000Z","","Circolare","Test Circolare 2"
"true","","Marketing","a4n0E000000n0wsQAA","<p>La nostra sfida ambientale per il 2050, annunciata nel 2015, si compone di sei sfide distinte che coprono ogni aspetto della nostra attivit&agrave;, la nostra esplorazione di nuovi prodotti e tecnologie e il nostro ruolo attivo nel favorire presso individui e comunit&agrave; la conoscenza della natura che li circonda, al fine di migliorarla.</p>
<p><img
src=""https://docs.quintegia.it/Ricerche/TMI_RCC/RCC_Q_201909_Ambiente_ToyotaEnvironmentalChallenge_imgInterna_2.jpg""/></p>
<p><strong>Sfida 1 - Nuove auto a emissioni zero &ndash; </strong><a href=""https://www.toyota.it/mondo-toyota/ambiente/environmental-challenge-2050#/youtube/https%3A%2F%2Fwww.youtube.com%2Fembed%2Fm8dKe0X3k7U%3Fstart%3D10%26end%3D42%26controls%3D0%26autoplay%3D1%26rel%3D0/size=fullscreen""><strong>Guarda il video</strong></a></p><p>La nostra sfida per le nuove auto a emissioni zero consiste nel ridurre entro il 2050 le emissioni di CO2 del 90% rispetto ai livelli del 2010.</p><p><strong>Sfida 2 - Ciclo di vita a emissioni zero &ndash; </strong><a href=""https://www.toyota.it/mondo-toyota/ambiente/environmental-challenge-2050#/youtube/https%3A%2F%2Fwww.youtube.com%2Fembed%2Fm8dKe0X3k7U%3Fstart%3D43%26end%3D78%26controls%3D0%26autoplay%3D1%26rel%3D0/size=fullscreen""><strong>Guarda il video</strong></a></p><p>Con la nostra sfida per il ciclo di vita a emissioni zero vogliamo fare di pi&ugrave; che eliminare le emissioni di CO2 prodotte quando fabbrichiamo i nostri veicoli e quando i nostri clienti li guidano.</p><p><strong>Sfida 3 - Produzione a emissioni zero &ndash; </strong><a href=""https://www.toyota.it/mondo-toyota/ambiente/environmental-challenge-2050#/youtube/https%3A%2F%2Fwww.youtube.com%2Fembed%2Fm8dKe0X3k7U%3Fstart%3D78%26end%3D110%26controls%3D0%26autoplay%3D1%26rel%3D0/size=fullscreen""><strong>Guarda il video</strong></a></p><p>Le auto producono emissioni di carbonio non solo quando vengono guidate, ma anche durante il loro processo di fabbricazione.</p><p><strong>Sfida 4 - Minimizzare e ottimizzare l'uso dell'acqua &ndash; </strong><a href=""https://www.toyota.it/mondo-toyota/ambiente/environmental-challenge-2050#/youtube/https%3A%2F%2Fwww.youtube.com%2Fembed%2Fm8dKe0X3k7U%3Fstart%3D110%26end%3D144%26controls%3D0%26autoplay%3D1%26rel%3D0/size=fullscreen""><strong>Guarda il video</strong></a></p><p>La domanda mondiale di acqua sta crescendo rapidamente, quindi &egrave; di vitale importanza conservare le riserve idriche riducendo le quantit&agrave; d&rsquo;acqua utilizzate per fabbricare i nostri prodotti e riciclandone il pi&ugrave; possibile.</p><p><strong>Sfida 5 - Realizzare sistemi e societ&agrave; fondati sul riciclo &ndash; </strong><a href=""https://www.toyota.it/mondo-toyota/ambiente/environmental-challenge-2050#/youtube/https%3A%2F%2Fwww.youtube.com%2Fembed%2Fm8dKe0X3k7U%3Fstart%3D144%26end%3D177%26controls%3D0%26autoplay%3D1%26rel%3D0/size=fullscreen""><strong>Guarda il video</strong></a></p><p>L'aumento della popolazione mondiale, la crescita economica e il desiderio di stili di vita pi&ugrave; agiati causano una pressione crescente a carico delle risorse naturali e generano pi&ugrave; rifiuti.</p><p><strong>Sfida 6 - Realizzare una societ&agrave; futura in armonia con la natura &ndash; </strong><a href=""https://www.toyota.it/mondo-toyota/ambiente/environmental-challenge-2050#/youtube/https%3A%2F%2Fwww.youtube.com%2Fembed%2Fm8dKe0X3k7U%3Fstart%3D177%26autoplay%3D1%26rel%3D0/size=fullscreen""><strong>Guarda il video</strong></a></p><p>Per salvaguardare e migliorare la coesistenza tra uomo e natura, dobbiamo preservare le foreste e la biodiversit&agrave;.</p>","0050E000005VHptQAG","2019-09-10T09:23:37.000Z","2019-08-30T08:00:00.000Z","2019-08-30T08:00:00.000Z","","","a4z0E000000EyF2QAK","https://docs.quintegia.it/Ricerche/TMI_RCC/RCC_Q_201909_Ambiente_ToyotaEnvironmentalChallenge_imgCover.jpg","Lettura e Scrittura","2019-12-31T22:30:00.000Z","false","","0050E000005VHptQAG","2019-09-11T08:29:22.000Z","","","","Toyota;Lexus","ART-00000005","0050E000005VHptQAG","La nostra sfida ambientale per il 2050, annunciata nel 2015, si compone di sei sfide distinte che coprono ogni aspetto della nostra attività, la nostra esplorazione di nuovi prodotti e tecnologie e il nostro ruolo attivo nel favorire presso individui e comunità la conoscenza della natura che li circonda, al fine di migliorarla.","","2019-09-11T08:29:22.000Z","ambiente,environmental challenge","Articolo","Toyota Environmental Challenge 2050"
"true","","","a4n0E000000Q8BuQAK","Contenuto Test Circolare","0050E000000SMCWQA4","2020-04-15T13:39:35.000Z","","2020-04-15T10:00:00.000Z","","","a4z0E00000021ovQAA","https://upload.wikimedia.org/wikipedia/commons/thumb/7/72/16x9_by_Pengo.svg/1200px-16x9_by_Pengo.svg.png","Lettura e Scrittura","","false","","0050E000000SMCWQA4","2020-04-15T13:40:46.000Z","","","","","ART-00000013","0050E000000SMCWQA4","Riassunto Test Circolare","Sottotitolo Test Circolare","2020-04-15T13:40:46.000Z","","Circolare","Test Circolare"
