"AREA_PERMESSI_VISUALIZZAZIONE__C","AREA_RUOLO__C","CREATEDBYID","CREATEDDATE","GRUPPO__C","ID","ISDELETED","LASTMODIFIEDBYID","LASTMODIFIEDDATE","LASTREFERENCEDDATE","LASTVIEWEDDATE","NAME","NOME_GRUPPO__C","OWNERID","PRIVILEGI__C","SIGLA_GRUPPO__C","SYSTEMMODSTAMP","TIPOLOGIA_GRUPPO__C","UTENTE__C"
"After Sales;Marketing;Sales;TIM;TFS;TFM","After Sales;Marketing;Sales;TIM;TFS;TFM","0050Y000000NtQOQA0","2019-07-19T12:25:56.000Z","a4o0E0000000iYwQAI","a4q0E000000E78CQAS","false","0050E000005VHptQAG","2019-09-18T15:42:06.000Z","","","UG-0000046","Zona G","0050Y000000NtQOQA0","RispPoll;VisRis","G","2019-09-18T15:42:07.000Z","Zona","a4n0E000000n1c4QAA"
"After Sales;Marketing;Sales;TIM;TFS;TFM","After Sales;Marketing;Sales;TIM;TFS;TFM","0050Y000000NtQOQA0","2019-07-19T12:25:56.000Z","a4o0E0000000iYwQAI","a4q0E000000E78DQAS","false","0050E000005VHptQAG","2019-09-18T15:42:06.000Z","","","UG-0000047","Zona G","0050Y000000NtQOQA0","RispPoll;VisRis","G","2019-09-18T15:42:07.000Z","Zona","a4n0E000000n1c5QAA"
"After Sales;Marketing;Sales;TIM;TFS;TFM","After Sales;Marketing;Sales;TIM;TFS;TFM","0050Y000000NtQOQA0","2019-07-19T12:25:56.000Z","a4o0E0000000iYwQAI","a4q0E000000E78EQAS","false","0050E000005VHptQAG","2019-09-18T15:42:06.000Z","","","UG-0000048","Zona G","0050Y000000NtQOQA0","RispPoll;VisRis","G","2019-09-18T15:42:07.000Z","Zona","a4n0E000000n1c6QAA"
"After Sales;Marketing;Sales;TIM;TFS;TFM","After Sales;Marketing;Sales;TIM;TFS;TFM","0050Y000000NtQOQA0","2019-07-19T12:25:56.000Z","a4o0E0000000iYwQAI","a4q0E000000E78FQAS","false","0050E000005VHptQAG","2019-09-18T15:42:06.000Z","","","UG-0000049","Zona G","0050Y000000NtQOQA0","RispPoll;VisRis","G","2019-09-18T15:42:07.000Z","Zona","a4n0E000000n1c7QAA"
"After Sales;Marketing;Sales;TIM;TFS;TFM","After Sales;Marketing;Sales;TIM;TFS;TFM","0050Y000000NtQOQA0","2019-07-19T12:25:56.000Z","a4o0E0000000iYwQAI","a4q0E000000E78GQAS","false","0050E000005VHptQAG","2019-09-18T15:42:06.000Z","","","UG-0000050","Zona G","0050Y000000NtQOQA0","RispPoll;VisRis","G","2019-09-18T15:42:07.000Z","Zona","a4n0E000000n1c8QAA"
"After Sales;Marketing;Sales;TIM;TFS;TFM","After Sales;Marketing;Sales;TIM;TFS;TFM","0050Y000000NtQOQA0","2019-07-19T12:25:58.000Z","a4o0E0000000iZ3QAI","a4q0E000000E78qQAC","false","0050E000005VHptQAG","2019-09-18T15:42:06.000Z","","","UG-0000086","Zona 3","0050Y000000NtQOQA0","RispPoll;VisRis","3","2019-09-18T15:42:07.000Z","Zona","a4n0E000000n1bUQAQ"
"After Sales;Marketing;Sales;TIM;TFS;TFM","After Sales;Marketing;Sales;TIM;TFS;TFM","0050Y000000NtQOQA0","2019-07-19T12:25:58.000Z","a4o0E0000000iZ3QAI","a4q0E000000E78rQAC","false","0050E000005VHptQAG","2019-09-18T15:42:06.000Z","","","UG-0000087","Zona 3","0050Y000000NtQOQA0","RispPoll;VisRis","3","2019-09-18T15:42:07.000Z","Zona","a4n0E000000n1bgQAA"
"After Sales;Marketing;Sales;TIM;TFS;TFM","After Sales;Marketing;Sales;TIM;TFS;TFM","0050Y000000NtQOQA0","2019-07-19T12:25:58.000Z","a4o0E0000000iZ3QAI","a4q0E000000E78sQAC","false","0050E000005VHptQAG","2019-09-18T15:42:06.000Z","","","UG-0000088","Zona 3","0050Y000000NtQOQA0","RispPoll;VisRis","3","2019-09-18T15:42:07.000Z","Zona","a4n0E000000n1bWQAQ"
"After Sales;Marketing;Sales;TIM;TFS;TFM","After Sales;Marketing;Sales;TIM;TFS;TFM","0050Y000000NtQOQA0","2019-07-19T12:25:58.000Z","a4o0E0000000iZ4QAI","a4q0E000000E78tQAC","false","0050E000005VHptQAG","2019-09-18T15:42:06.000Z","","","UG-0000089","Zona 4","0050Y000000NtQOQA0","RispPoll;VisRis","4","2019-09-18T15:42:07.000Z","Zona","a4n0E000000n1cSQAQ"
"After Sales;Marketing;Sales;TIM;TFS;TFM","After Sales;Marketing;Sales;TIM;TFS;TFM","0050Y000000NtQOQA0","2019-07-19T12:25:58.000Z","a4o0E0000000iZ4QAI","a4q0E000000E78uQAC","false","0050E000005VHptQAG","2019-09-18T15:42:06.000Z","","","UG-0000090","Zona 4","0050Y000000NtQOQA0","RispPoll;VisRis","4","2019-09-18T15:42:07.000Z","Zona","a4n0E000000n1c4QAA"
"","","0050E000000SMCWQA4","2019-12-16T09:57:53.000Z","a4o0E0000004fEyQAI","a4q0E000000MJiSQAW","false","0050E000000SMCWQA4","2020-03-26T10:56:39.000Z","","","Test TSF","TFS","0050E000000SMCWQA4","","TFS","2020-03-26T10:56:39.000Z","Casa Auto",""
"After Sales;Marketing;Sales;TIM;TFS;TFM","After Sales;Marketing;Sales;TIM;TFS;TFM","0050E000000SMCWQA4","2019-08-08T14:10:49.000Z","a4o0E0000000iYsQAI","a4q0E000000E8Q7QAK","false","0050E000005VHptQAG","2019-09-18T15:42:06.000Z","","","UG-0000152","Zona D","0050E000000SMCWQA4","RispPoll;VisRis","D","2019-09-18T15:42:07.000Z","Zona","a4n0E000000n1pYQAQ"
"After Sales;Marketing;Sales;TIM;TFS;TFM","After Sales;Marketing;Sales;TIM;TFS;TFM","0050E000005VHptQAG","2019-09-18T15:42:06.000Z","a4o0E0000000iYlQAI","a4q0E000000EBWyQAO","false","0050E000005VHptQAG","2019-09-18T15:42:06.000Z","","","UG-0000154","TMI","0050E000005VHptQAG","RispPoll;VisRis","TMI","2019-09-18T15:42:06.000Z","Casa Auto","a4n0E000000n2HTQAY"
"After Sales;Marketing;Sales;TIM;TFS;TFM","After Sales;Sales","0050E000005VHptQAG","2019-09-18T15:42:06.000Z","a4o0E0000000iYlQAI","a4q0E000000EBWzQAO","false","0050E000005VHptQAG","2019-09-18T15:42:06.000Z","","","UG-0000155","TMI","0050E000005VHptQAG","RispPoll;VisRis","TMI","2019-09-18T15:42:06.000Z","Casa Auto","a4n0E000000n2HVQAY"
"After Sales;Marketing;Sales;TIM;TFS;TFM","Marketing","0050E000005VHptQAG","2019-09-18T15:42:06.000Z","a4o0E0000000iYlQAI","a4q0E000000EBX0QAO","false","0050E000005VHptQAG","2019-09-18T15:42:06.000Z","","","UG-0000156","TMI","0050E000005VHptQAG","RispPoll;VisRis","TMI","2019-09-18T15:42:06.000Z","Casa Auto","a4n0E000000n2HXQAY"
"After Sales;Marketing;Sales;TIM;TFS;TFM","After Sales;Marketing;Sales","0050E000005VHptQAG","2019-09-18T15:42:06.000Z","a4o0E0000000iYlQAI","a4q0E000000EBX1QAO","false","0050E000005VHptQAG","2019-09-18T15:42:06.000Z","","","UG-0000157","TMI","0050E000005VHptQAG","RispPoll;VisRis","TMI","2019-09-18T15:42:06.000Z","Casa Auto","a4n0E000000n2HZQAY"
"After Sales;Marketing;Sales;TIM;TFS;TFM","After Sales;Marketing;Sales","0050E000005VHptQAG","2019-09-18T15:42:06.000Z","a4o0E0000000iYzQAI","a4q0E000000EBX2QAO","false","0050E000005VHptQAG","2019-09-18T15:42:06.000Z","","","UG-0000158","Lexus","0050E000005VHptQAG","RispPoll;VisRis","LEX","2019-09-18T15:42:06.000Z","Marchio","a4n0E000000n2HbQAI"
"After Sales;Marketing;Sales;TIM;TFS;TFM","TFS","0050E000005VHptQAG","2019-09-18T15:42:06.000Z","a4o0E0000000iYlQAI","a4q0E000000EBX3QAO","false","0050E000005VHptQAG","2019-09-18T15:42:06.000Z","","","UG-0000159","TMI","0050E000005VHptQAG","RispPoll;VisRis","TMI","2019-09-18T15:42:06.000Z","Casa Auto","a4n0E000000n2HdQAI"
"After Sales;Marketing;Sales;TIM;TFS;TFM","TIM","0050E000005VHptQAG","2019-09-18T15:42:06.000Z","a4o0E0000000iYlQAI","a4q0E000000EBX4QAO","false","0050E000005VHptQAG","2019-09-18T15:42:06.000Z","","","UG-0000160","TMI","0050E000005VHptQAG","RispPoll;VisRis","TMI","2019-09-18T15:42:06.000Z","Casa Auto","a4n0E000000n2HfQAI"
"After Sales;Marketing;Sales;TIM;TFS;TFM","TFM","0050E000005VHptQAG","2019-09-18T15:42:06.000Z","a4o0E0000000iYlQAI","a4q0E000000EBX5QAO","false","0050E000005VHptQAG","2019-09-18T15:42:06.000Z","","","UG-0000161","TMI","0050E000005VHptQAG","RispPoll;VisRis","TMI","2019-09-18T15:42:06.000Z","Casa Auto","a4n0E000000n2HhQAI"
"After Sales;Marketing;Sales;TIM;TFS;TFM","After Sales;Marketing;Sales;TIM;TFS;TFM","0050E000005VHptQAG","2019-09-18T15:42:06.000Z","a4o0E0000000iZ1QAI","a4q0E000000EBX6QAO","false","0050E000005VHptQAG","2019-09-18T15:42:06.000Z","","","UG-0000162","Zona 1","0050E000005VHptQAG","RispPoll;VisRis","1","2019-09-18T15:42:06.000Z","Zona","a4n0E000000n2HSQAY"
"After Sales;Marketing;Sales;TIM;TFS;TFM","After Sales;Marketing;Sales;TIM;TFS;TFM","0050E000000SMCWQA4","2019-08-08T14:07:15.000Z","a4o0E0000000iYsQAI","a4q0E000000E8Q2QAK","false","0050E000005VHptQAG","2019-09-18T15:42:06.000Z","","","UG-0000148","Zona D","0050E000000SMCWQA4","RispPoll;VisRis","D","2019-09-18T15:42:07.000Z","Zona","a4n0E000000n1pUQAQ"
"After Sales;Marketing;Sales;TIM;TFS;TFM","After Sales;Marketing;Sales;TIM;TFS;TFM","0050E000005VHptQAG","2019-09-18T15:42:06.000Z","a4o0E0000000iYoQAI","a4q0E000000EBX7QAO","false","0050E000005VHptQAG","2019-09-18T15:42:06.000Z","","","UG-0000163","Zona A","0050E000005VHptQAG","RispPoll;VisRis","A","2019-09-18T15:42:06.000Z","Zona","a4n0E000000n2HSQAY"
"After Sales;Marketing;Sales;TIM;TFS;TFM","After Sales;Marketing;Sales;TIM;TFS;TFM","0050E000005VHptQAG","2019-09-18T15:42:06.000Z","a4o0E0000000iZ1QAI","a4q0E000000EBX8QAO","false","0050E000005VHptQAG","2019-09-18T15:42:06.000Z","","","UG-0000164","Zona 1","0050E000005VHptQAG","RispPoll;VisRis","1","2019-09-18T15:42:06.000Z","Zona","a4n0E000000n2HUQAY"
"After Sales;Marketing;Sales;TIM;TFS;TFM","After Sales;Marketing;Sales;TIM;TFS;TFM","0050E000005VHptQAG","2019-09-18T15:42:06.000Z","a4o0E0000000iYoQAI","a4q0E000000EBX9QAO","false","0050E000005VHptQAG","2019-09-18T15:42:06.000Z","","","UG-0000165","Zona A","0050E000005VHptQAG","RispPoll;VisRis","A","2019-09-18T15:42:06.000Z","Zona","a4n0E000000n2HUQAY"
"After Sales;Marketing;Sales;TIM;TFS;TFM","After Sales;Marketing;Sales;TIM;TFS;TFM","0050E000005VHptQAG","2019-09-18T15:42:06.000Z","a4o0E0000000iYoQAI","a4q0E000000EBXBQA4","false","0050E000005VHptQAG","2019-09-18T15:42:06.000Z","","","UG-0000167","Zona A","0050E000005VHptQAG","RispPoll;VisRis","A","2019-09-18T15:42:06.000Z","Zona","a4n0E000000n2HWQAY"
"After Sales;Marketing;Sales;TIM;TFS;TFM","After Sales;Marketing;Sales;TIM;TFS;TFM","0050E000005VHptQAG","2019-09-18T15:42:06.000Z","a4o0E0000000iZ1QAI","a4q0E000000EBXCQA4","false","0050E000005VHptQAG","2019-09-18T15:42:06.000Z","","","UG-0000168","Zona 1","0050E000005VHptQAG","RispPoll;VisRis","1","2019-09-18T15:42:06.000Z","Zona","a4n0E000000n2HYQAY"
"After Sales;Marketing;Sales;TIM;TFS;TFM","After Sales;Marketing;Sales;TIM;TFS;TFM","0050E000005VHptQAG","2019-09-18T15:42:06.000Z","a4o0E0000000iYoQAI","a4q0E000000EBXDQA4","false","0050E000005VHptQAG","2019-09-18T15:42:06.000Z","","","UG-0000169","Zona A","0050E000005VHptQAG","RispPoll;VisRis","A","2019-09-18T15:42:06.000Z","Zona","a4n0E000000n2HYQAY"
"After Sales;Marketing;Sales;TIM;TFS;TFM","After Sales;Marketing;Sales;TIM;TFS;TFM","0050E000005VHptQAG","2019-09-18T15:42:06.000Z","a4o0E0000000iZ1QAI","a4q0E000000EBXEQA4","false","0050E000005VHptQAG","2019-09-18T15:42:06.000Z","","","UG-0000170","Zona 1","0050E000005VHptQAG","RispPoll;VisRis","1","2019-09-18T15:42:06.000Z","Zona","a4n0E000000n2HaQAI"
"After Sales;Marketing;Sales;TIM;TFS;TFM","After Sales;Marketing;Sales;TIM;TFS;TFM","0050E000005VHptQAG","2019-09-18T15:42:06.000Z","a4o0E0000000iYoQAI","a4q0E000000EBXFQA4","false","0050E000005VHptQAG","2019-09-18T15:42:06.000Z","","","UG-0000171","Zona A","0050E000005VHptQAG","RispPoll;VisRis","A","2019-09-18T15:42:06.000Z","Zona","a4n0E000000n2HaQAI"
"After Sales;Marketing;Sales;TIM;TFS;TFM","After Sales;Marketing;Sales;TIM;TFS;TFM","0050E000005VHptQAG","2019-09-18T15:42:06.000Z","a4o0E0000000iZ1QAI","a4q0E000000EBXGQA4","false","0050E000005VHptQAG","2019-09-18T15:42:06.000Z","","","UG-0000172","Zona 1","0050E000005VHptQAG","RispPoll;VisRis","1","2019-09-18T15:42:06.000Z","Zona","a4n0E000000n2HcQAI"
"After Sales;Marketing;Sales;TIM;TFS;TFM","After Sales;Marketing;Sales;TIM;TFS;TFM","0050E000005VHptQAG","2019-09-18T15:42:06.000Z","a4o0E0000000iZ1QAI","a4q0E000000EBXHQA4","false","0050E000005VHptQAG","2019-09-18T15:42:06.000Z","","","UG-0000173","Zona 1","0050E000005VHptQAG","RispPoll;VisRis","1","2019-09-18T15:42:06.000Z","Zona","a4n0E000000n2HeQAI"
"After Sales;Marketing;Sales;TIM;TFS;TFM","After Sales;Marketing;Sales;TIM;TFS;TFM","0050E000005VHptQAG","2019-09-18T15:42:06.000Z","a4o0E0000000iYoQAI","a4q0E000000EBXIQA4","false","0050E000005VHptQAG","2019-09-18T15:42:06.000Z","","","UG-0000174","Zona A","0050E000005VHptQAG","RispPoll;VisRis","A","2019-09-18T15:42:06.000Z","Zona","a4n0E000000n2HeQAI"
"After Sales;Marketing;Sales;TIM;TFS;TFM","After Sales;Marketing;Sales;TIM;TFS;TFM","0050E000005VHptQAG","2019-09-18T15:42:06.000Z","a4o0E0000000iZ1QAI","a4q0E000000EBXJQA4","false","0050E000005VHptQAG","2019-09-18T15:42:06.000Z","","","UG-0000175","Zona 1","0050E000005VHptQAG","RispPoll;VisRis","1","2019-09-18T15:42:06.000Z","Zona","a4n0E000000n2HgQAI"
"After Sales;Marketing;Sales;TIM;TFS;TFM","After Sales;Marketing;Sales;TIM;TFS;TFM","0050E000005VHptQAG","2019-09-18T15:42:06.000Z","a4o0E0000000iZ1QAI","a4q0E000000EBXAQA4","false","0050E000005VHptQAG","2019-09-18T15:42:06.000Z","","","UG-0000166","Zona 1","0050E000005VHptQAG","RispPoll;VisRis","1","2019-09-18T15:42:06.000Z","Zona","a4n0E000000n2HWQAY"
"After Sales;Marketing;Sales;TIM;TFS;TFM","After Sales;Marketing;Sales;TIM;TFS;TFM","0050E000005VHptQAG","2019-09-18T15:42:06.000Z","a4o0E0000000iYoQAI","a4q0E000000EBXKQA4","false","0050E000005VHptQAG","2019-09-18T15:42:06.000Z","","","UG-0000176","Zona A","0050E000005VHptQAG","RispPoll;VisRis","A","2019-09-18T15:42:06.000Z","Zona","a4n0E000000n2HgQAI"
"After Sales;Marketing;Sales;TIM;TFS;TFM","After Sales;Marketing;Sales;TIM;TFS;TFM","0050E000005VHptQAG","2019-09-18T15:42:06.000Z","a4o0E0000000iZ1QAI","a4q0E000000EBXLQA4","false","0050E000005VHptQAG","2019-09-18T15:42:06.000Z","","","UG-0000177","Zona 1","0050E000005VHptQAG","RispPoll;VisRis","1","2019-09-18T15:42:06.000Z","Zona","a4n0E000000n2HiQAI"
"After Sales;Marketing;Sales;TIM;TFS;TFM","After Sales;Marketing;Sales;TIM;TFS;TFM","0050E000005VHptQAG","2019-09-18T15:42:06.000Z","a4o0E0000000iYoQAI","a4q0E000000EBXMQA4","false","0050E000005VHptQAG","2019-09-18T15:42:06.000Z","","","UG-0000178","Zona A","0050E000005VHptQAG","RispPoll;VisRis","A","2019-09-18T15:42:06.000Z","Zona","a4n0E000000n2HiQAI"
"After Sales;Marketing;Sales;TIM;TFS;TFM","After Sales;Marketing;Sales;TIM;TFS;TFM","0050E000005VHptQAG","2019-09-18T15:42:06.000Z","a4o0E0000000iYuQAI","a4q0E000000EBXNQA4","false","0050E000005VHptQAG","2019-09-18T15:42:06.000Z","","","UG-0000179","Zona F","0050E000005VHptQAG","RispPoll;VisRis","F","2019-09-18T15:42:06.000Z","Zona","a4n0E000000n2HjQAI"
"After Sales;Marketing;Sales;TIM;TFS;TFM","After Sales;Marketing;Sales;TIM;TFS;TFM","0050E000005VHptQAG","2019-09-18T15:42:06.000Z","a4o0E0000000iYuQAI","a4q0E000000EBXOQA4","false","0050E000005VHptQAG","2019-09-18T15:42:06.000Z","","","UG-0000180","Zona F","0050E000005VHptQAG","RispPoll;VisRis","F","2019-09-18T15:42:06.000Z","Zona","a4n0E000000n2HmQAI"
"After Sales;Marketing;Sales;TIM;TFS;TFM","After Sales;Marketing;Sales;TIM;TFS;TFM","0050E000005VHptQAG","2019-09-18T15:42:06.000Z","a4o0E0000000iZ1QAI","a4q0E000000EBXPQA4","false","0050E000005VHptQAG","2019-09-18T15:42:06.000Z","","","UG-0000181","Zona 1","0050E000005VHptQAG","RispPoll;VisRis","1","2019-09-18T15:42:06.000Z","Zona","a4n0E000000n2HmQAI"
"After Sales;Marketing;Sales;TIM;TFS;TFM","After Sales;Marketing;Sales;TIM;TFS;TFM","0050E000005VHptQAG","2019-09-18T15:42:06.000Z","a4o0E0000000iYsQAI","a4q0E000000EBXQQA4","false","0050E000005VHptQAG","2019-09-18T15:42:06.000Z","","","UG-0000182","Zona D","0050E000005VHptQAG","RispPoll;VisRis","D","2019-09-18T15:42:06.000Z","Zona","a4n0E000000n2HnQAI"
"After Sales;Marketing;Sales;TIM;TFS;TFM","After Sales;Marketing;Sales;TIM;TFS;TFM","0050E000005VHptQAG","2019-09-18T15:42:06.000Z","a4o0E0000000iZ2QAI","a4q0E000000EBXRQA4","false","0050E000005VHptQAG","2019-09-18T15:42:06.000Z","","","UG-0000183","Zona 2","0050E000005VHptQAG","RispPoll;VisRis","2","2019-09-18T15:42:06.000Z","Zona","a4n0E000000n2HnQAI"
"After Sales;Marketing;Sales;TIM;TFS;TFM","After Sales;Marketing;Sales;TIM;TFS;TFM","0050E000000SMCWQA4","2019-12-16T16:22:17.000Z","a4o0E0000000iZ1QAI","a4q0E000000MJimQAG","false","0050E000000SMCWQA4","2019-12-16T16:22:17.000Z","","","UG-0000132","Zona 1","0050E000000SMCWQA4","RispPoll;VisRis","1","2019-12-16T16:22:17.000Z","Zona","a4n0E000000n0wsQAA"
"After Sales;Marketing;Sales;TIM;TFS;TFM","After Sales;Marketing;Sales;TIM;TFS;TFM","0050E000000SMCWQA4","2019-09-10T08:37:08.000Z","a4o0E0000000iZ2QAI","a4q0E000000EAqhQAG","false","0050E000005VHptQAG","2019-09-18T15:42:06.000Z","","","UG-0000149","Zona 2","0050E000000SMCWQA4","RispPoll;VisRis","2","2019-09-18T15:42:07.000Z","Zona","a4n0E000000n1pUQAQ"
"","","0050E000000SMCWQA4","2019-10-29T13:55:30.000Z","a4o0E0000000iYlQAI","a4q0E000000MJdhQAG","false","0050E000000SMCWQA4","2019-12-18T11:16:43.000Z","","","TMI","TMI","0050E000000SMCWQA4","","TMI","2019-12-18T11:16:43.000Z","Casa Auto","a4n0E000000Q8BuQAK"
"After Sales;Marketing;Sales;TIM;TFS;TFM","After Sales;Marketing;Sales;TIM;TFS;TFM","0050Y000000NtQOQA0","2019-07-19T12:25:55.000Z","a4o0E0000000iYsQAI","a4q0E000000E77sQAC","false","0050E000005VHptQAG","2019-09-18T15:42:06.000Z","","","UG-0000026","Zona D","0050Y000000NtQOQA0","RispPoll;VisRis","D","2019-09-18T15:42:07.000Z","Zona","a4n0E000000n1bkQAA"
"After Sales;Marketing;Sales;TIM;TFS;TFM","After Sales;Marketing;Sales;TIM;TFS;TFM","0050Y000000NtQOQA0","2019-07-19T12:25:55.000Z","a4o0E0000000iYsQAI","a4q0E000000E77tQAC","false","0050E000005VHptQAG","2019-09-18T15:42:06.000Z","","","UG-0000027","Zona D","0050Y000000NtQOQA0","RispPoll;VisRis","D","2019-09-18T15:42:07.000Z","Zona","a4n0E000000n1blQAA"
"After Sales;Marketing;Sales;TIM;TFS;TFM","After Sales;Marketing;Sales;TIM;TFS;TFM","0050Y000000NtQOQA0","2019-07-19T12:25:55.000Z","a4o0E0000000iYsQAI","a4q0E000000E77uQAC","false","0050E000005VHptQAG","2019-09-18T15:42:06.000Z","","","UG-0000028","Zona D","0050Y000000NtQOQA0","RispPoll;VisRis","D","2019-09-18T15:42:07.000Z","Zona","a4n0E000000n1bmQAA"
"After Sales;Marketing;Sales;TIM;TFS;TFM","After Sales;Marketing;Sales;TIM;TFS;TFM","0050Y000000NtQOQA0","2019-07-19T12:25:55.000Z","a4o0E0000000iYsQAI","a4q0E000000E77vQAC","false","0050E000005VHptQAG","2019-09-18T15:42:06.000Z","","","UG-0000029","Zona D","0050Y000000NtQOQA0","RispPoll;VisRis","D","2019-09-18T15:42:07.000Z","Zona","a4n0E000000n1bnQAA"
"After Sales;Marketing;Sales;TIM;TFS;TFM","After Sales;Marketing;Sales;TIM;TFS;TFM","0050Y000000NtQOQA0","2019-07-19T12:25:55.000Z","a4o0E0000000iYsQAI","a4q0E000000E77wQAC","false","0050E000005VHptQAG","2019-09-18T15:42:06.000Z","","","UG-0000030","Zona D","0050Y000000NtQOQA0","RispPoll;VisRis","D","2019-09-18T15:42:07.000Z","Zona","a4n0E000000n1boQAA"
"After Sales;Marketing;Sales;TIM;TFS;TFM","After Sales;Marketing;Sales;TIM;TFS;TFM","0050Y000000NtQOQA0","2019-07-19T12:26:00.000Z","a4o0E0000000iYlQAI","a4q0E000000E79ZQAS","false","0050E000000SMCWQA4","2020-04-24T15:29:53.000Z","","","UG-0000131","TMI","0050Y000000NtQOQA0","RispPoll;VisRis","TMI","2020-04-24T15:29:53.000Z","Casa Auto","a4n0E000000n1bHQAQ"
"After Sales;Marketing;Sales;TIM;TFS;TFM","After Sales;Marketing;Sales;TIM;TFS;TFM","0050Y000000NtQOQA0","2019-07-19T12:26:00.000Z","a4o0E0000000iYoQAI","a4q0E000000E79aQAC","false","0050E000000SMCWQA4","2019-12-16T16:21:52.000Z","","","UG-0000132","Zona A","0050Y000000NtQOQA0","RispPoll;VisRis","A","2019-12-16T16:21:52.000Z","Zona","a4n0E000000n0wsQAA"
"After Sales;Marketing;Sales;TIM;TFS;TFM","After Sales;Marketing;Sales;TIM;TFS;TFM","0050Y000000NtQOQA0","2019-07-19T12:26:00.000Z","a4o0E0000000iYwQAI","a4q0E000000E79cQAC","false","0050E000005VHptQAG","2019-09-18T15:42:06.000Z","","","UG-0000134","Zona G","0050Y000000NtQOQA0","RispPoll;VisRis","G","2019-09-18T15:42:07.000Z","Zona","a4n0E000000n1bIQAQ"
"After Sales;Marketing;Sales;TIM;TFS;TFM","After Sales;Marketing;Sales;TIM;TFS;TFM","0050Y000000NtQOQA0","2019-07-19T12:26:00.000Z","a4o0E0000000iYoQAI","a4q0E000000E79dQAC","false","0050E000005VHptQAG","2019-09-18T15:42:06.000Z","","","UG-0000135","Zona A","0050Y000000NtQOQA0","RispPoll;VisRis","A","2019-09-18T15:42:07.000Z","Zona","a4n0E000000n1bJQAQ"
"After Sales;Marketing;Sales;TIM;TFS;TFM","Sales","0050Y000000NtQOQA0","2019-07-19T12:25:59.000Z","a4o0E0000000iZ4QAI","a4q0E000000E79KQAS","false","0050E000005VHptQAG","2019-09-18T15:42:06.000Z","","","UG-0000116","Zona 4","0050Y000000NtQOQA0","VisRis","4","2019-09-18T15:42:07.000Z","Zona","a4n0E000000n1cjQAA"
"After Sales;Marketing;Sales;TIM;TFS;TFM","After Sales","0050Y000000NtQOQA0","2019-07-19T12:25:59.000Z","a4o0E0000000iYoQAI","a4q0E000000E79LQAS","false","0050E000005VHptQAG","2019-09-18T15:42:06.000Z","","","UG-0000117","Zona A","0050Y000000NtQOQA0","VisRis","A","2019-09-18T15:42:07.000Z","Zona","a4n0E000000n1ckQAA"
"After Sales;Marketing;Sales;TIM;TFS;TFM","After Sales","0050Y000000NtQOQA0","2019-07-19T12:25:59.000Z","a4o0E0000000iYpQAI","a4q0E000000E79MQAS","false","0050E000005VHptQAG","2019-09-18T15:42:06.000Z","","","UG-0000118","Zona B","0050Y000000NtQOQA0","VisRis","B","2019-09-18T15:42:07.000Z","Zona","a4n0E000000n1clQAA"
"After Sales;Marketing;Sales;TIM;TFS;TFM","After Sales","0050Y000000NtQOQA0","2019-07-19T12:25:59.000Z","a4o0E0000000iYqQAI","a4q0E000000E79NQAS","false","0050E000005VHptQAG","2019-09-18T15:42:06.000Z","","","UG-0000119","Zona C","0050Y000000NtQOQA0","VisRis","C","2019-09-18T15:42:07.000Z","Zona","a4n0E000000n1cmQAA"
"After Sales;Marketing;Sales;TIM;TFS;TFM","After Sales","0050Y000000NtQOQA0","2019-07-19T12:25:59.000Z","a4o0E0000000iYsQAI","a4q0E000000E79OQAS","false","0050E000005VHptQAG","2019-09-18T15:42:06.000Z","","","UG-0000120","Zona D","0050Y000000NtQOQA0","VisRis","D","2019-09-18T15:42:07.000Z","Zona","a4n0E000000n1cnQAA"
"After Sales;Marketing;Sales;TIM;TFS;TFM","After Sales;Marketing;Sales;TIM;TFS;TFM","0050Y000000NtQOQA0","2019-07-19T12:25:54.000Z","a4o0E0000000iYpQAI","a4q0E000000E77dQAC","false","0050E000005VHptQAG","2019-09-18T15:42:06.000Z","","","UG-0000011","Zona B","0050Y000000NtQOQA0","RispPoll;VisRis","B","2019-09-18T15:42:07.000Z","Zona","a4n0E000000n1bVQAQ"
"After Sales;Marketing;Sales;TIM;TFS;TFM","After Sales;Marketing;Sales;TIM;TFS;TFM","0050Y000000NtQOQA0","2019-07-19T12:25:54.000Z","a4o0E0000000iYpQAI","a4q0E000000E77eQAC","false","0050E000005VHptQAG","2019-09-18T15:42:06.000Z","","","UG-0000012","Zona B","0050Y000000NtQOQA0","RispPoll;VisRis","B","2019-09-18T15:42:07.000Z","Zona","a4n0E000000n1bWQAQ"
"After Sales;Marketing;Sales;TIM;TFS;TFM","After Sales;Marketing;Sales;TIM;TFS;TFM","0050Y000000NtQOQA0","2019-07-19T12:25:54.000Z","a4o0E0000000iYpQAI","a4q0E000000E77fQAC","false","0050E000005VHptQAG","2019-09-18T15:42:06.000Z","","","UG-0000013","Zona B","0050Y000000NtQOQA0","RispPoll;VisRis","B","2019-09-18T15:42:07.000Z","Zona","a4n0E000000n1bXQAQ"
"After Sales;Marketing;Sales;TIM;TFS;TFM","After Sales;Marketing;Sales;TIM;TFS;TFM","0050Y000000NtQOQA0","2019-07-19T12:25:54.000Z","a4o0E0000000iYpQAI","a4q0E000000E77gQAC","false","0050E000005VHptQAG","2019-09-18T15:42:06.000Z","","","UG-0000014","Zona B","0050Y000000NtQOQA0","RispPoll;VisRis","B","2019-09-18T15:42:07.000Z","Zona","a4n0E000000n1bYQAQ"
"After Sales;Marketing;Sales;TIM;TFS;TFM","After Sales;Marketing;Sales;TIM;TFS;TFM","0050Y000000NtQOQA0","2019-07-19T12:25:54.000Z","a4o0E0000000iYpQAI","a4q0E000000E77hQAC","false","0050E000005VHptQAG","2019-09-18T15:42:06.000Z","","","UG-0000015","Zona B","0050Y000000NtQOQA0","RispPoll;VisRis","B","2019-09-18T15:42:07.000Z","Zona","a4n0E000000n1bZQAQ"
"After Sales;Marketing;Sales;TIM;TFS;TFM","After Sales;Marketing;Sales;TIM;TFS;TFM","0050Y000000NtQOQA0","2019-07-19T12:25:54.000Z","a4o0E0000000iYqQAI","a4q0E000000E77iQAC","false","0050E000005VHptQAG","2019-09-18T15:42:06.000Z","","","UG-0000016","Zona C","0050Y000000NtQOQA0","RispPoll;VisRis","C","2019-09-18T15:42:07.000Z","Zona","a4n0E000000n1baQAA"
"After Sales;Marketing;Sales;TIM;TFS;TFM","After Sales;Marketing;Sales;TIM;TFS;TFM","0050Y000000NtQOQA0","2019-07-19T12:25:54.000Z","a4o0E0000000iYqQAI","a4q0E000000E77jQAC","false","0050E000005VHptQAG","2019-09-18T15:42:06.000Z","","","UG-0000017","Zona C","0050Y000000NtQOQA0","RispPoll;VisRis","C","2019-09-18T15:42:07.000Z","Zona","a4n0E000000n1bbQAA"
"After Sales;Marketing;Sales;TIM;TFS;TFM","After Sales;Marketing;Sales;TIM;TFS;TFM","0050Y000000NtQOQA0","2019-07-19T12:25:54.000Z","a4o0E0000000iYqQAI","a4q0E000000E77kQAC","false","0050E000005VHptQAG","2019-09-18T15:42:06.000Z","","","UG-0000018","Zona C","0050Y000000NtQOQA0","RispPoll;VisRis","C","2019-09-18T15:42:07.000Z","Zona","a4n0E000000n1bcQAA"
"After Sales;Marketing;Sales;TIM;TFS;TFM","After Sales;Marketing;Sales;TIM;TFS;TFM","0050Y000000NtQOQA0","2019-07-19T12:25:54.000Z","a4o0E0000000iYqQAI","a4q0E000000E77lQAC","false","0050E000005VHptQAG","2019-09-18T15:42:06.000Z","","","UG-0000019","Zona C","0050Y000000NtQOQA0","RispPoll;VisRis","C","2019-09-18T15:42:07.000Z","Zona","a4n0E000000n1bdQAA"
"After Sales;Marketing;Sales;TIM;TFS;TFM","After Sales;Marketing;Sales;TIM;TFS;TFM","0050Y000000NtQOQA0","2019-07-19T12:25:54.000Z","a4o0E0000000iYqQAI","a4q0E000000E77mQAC","false","0050E000005VHptQAG","2019-09-18T15:42:06.000Z","","","UG-0000020","Zona C","0050Y000000NtQOQA0","RispPoll;VisRis","C","2019-09-18T15:42:07.000Z","Zona","a4n0E000000n1beQAA"
"After Sales;Marketing;Sales;TIM;TFS;TFM","Sales","0050Y000000NtQOQA0","2019-07-19T12:25:59.000Z","a4o0E0000000iYxQAI","a4q0E000000E79FQAS","false","0050E000005VHptQAG","2019-09-18T15:42:06.000Z","","","UG-0000111","Zona H","0050Y000000NtQOQA0","VisRis","H","2019-09-18T15:42:07.000Z","Zona","a4n0E000000n1ceQAA"
"After Sales;Marketing;Sales;TIM;TFS;TFM","Sales","0050Y000000NtQOQA0","2019-07-19T12:25:59.000Z","a4o0E0000000iZ1QAI","a4q0E000000E79HQAS","false","0050E000005VHptQAG","2019-09-18T15:42:06.000Z","","","UG-0000113","Zona 1","0050Y000000NtQOQA0","VisRis","1","2019-09-18T15:42:07.000Z","Zona","a4n0E000000n1cgQAA"
"After Sales;Marketing;Sales;TIM;TFS;TFM","Sales","0050Y000000NtQOQA0","2019-07-19T12:25:59.000Z","a4o0E0000000iZ2QAI","a4q0E000000E79IQAS","false","0050E000005VHptQAG","2019-09-18T15:42:06.000Z","","","UG-0000114","Zona 2","0050Y000000NtQOQA0","VisRis","2","2019-09-18T15:42:07.000Z","Zona","a4n0E000000n1chQAA"
"After Sales;Marketing;Sales;TIM;TFS;TFM","Sales","0050Y000000NtQOQA0","2019-07-19T12:25:59.000Z","a4o0E0000000iZ3QAI","a4q0E000000E79JQAS","false","0050E000005VHptQAG","2019-09-18T15:42:06.000Z","","","UG-0000115","Zona 3","0050Y000000NtQOQA0","VisRis","3","2019-09-18T15:42:07.000Z","Zona","a4n0E000000n1ciQAA"
"After Sales;Marketing;Sales;TIM;TFS;TFM","Sales","0050Y000000NtQOQA0","2019-07-19T12:25:59.000Z","a4o0E0000000iYyQAI","a4q0E000000E79GQAS","false","0050E000005VHptQAG","2019-09-18T15:42:06.000Z","","","UG-0000112","Zona I","0050Y000000NtQOQA0","VisRis","I","2019-09-18T15:42:07.000Z","Zona","a4n0E000000n1cfQAA"
"After Sales;Marketing;Sales;TIM;TFS;TFM","After Sales;Marketing;Sales;TIM;TFS;TFM","0050Y000000NtQOQA0","2019-07-19T12:25:54.000Z","a4o0E0000000iYoQAI","a4q0E000000E77YQAS","false","0050E000005VHptQAG","2019-09-18T15:42:06.000Z","","","UG-0000006","Zona A","0050Y000000NtQOQA0","RispPoll;VisRis","A","2019-09-18T15:42:07.000Z","Zona","a4n0E000000n1bQQAQ"
"After Sales;Marketing;Sales;TIM;TFS;TFM","After Sales;Marketing;Sales;TIM;TFS;TFM","0050Y000000NtQOQA0","2019-07-19T12:25:54.000Z","a4o0E0000000iYoQAI","a4q0E000000E77ZQAS","false","0050E000005VHptQAG","2019-09-18T15:42:06.000Z","","","UG-0000007","Zona A","0050Y000000NtQOQA0","RispPoll;VisRis","A","2019-09-18T15:42:07.000Z","Zona","a4n0E000000n1bRQAQ"
"After Sales;Marketing;Sales;TIM;TFS;TFM","After Sales;Marketing;Sales;TIM;TFS;TFM","0050Y000000NtQOQA0","2019-07-19T12:25:54.000Z","a4o0E0000000iYpQAI","a4q0E000000E77aQAC","false","0050E000005VHptQAG","2019-09-18T15:42:06.000Z","","","UG-0000008","Zona B","0050Y000000NtQOQA0","RispPoll;VisRis","B","2019-09-18T15:42:07.000Z","Zona","a4n0E000000n1bSQAQ"
"After Sales;Marketing;Sales;TIM;TFS;TFM","After Sales;Marketing;Sales;TIM;TFS;TFM","0050Y000000NtQOQA0","2019-07-19T12:25:54.000Z","a4o0E0000000iYpQAI","a4q0E000000E77bQAC","false","0050E000005VHptQAG","2019-09-18T15:42:06.000Z","","","UG-0000009","Zona B","0050Y000000NtQOQA0","RispPoll;VisRis","B","2019-09-18T15:42:07.000Z","Zona","a4n0E000000n1bTQAQ"
"After Sales;Marketing;Sales;TIM;TFS;TFM","After Sales;Marketing;Sales;TIM;TFS;TFM","0050Y000000NtQOQA0","2019-07-19T12:25:54.000Z","a4o0E0000000iYpQAI","a4q0E000000E77cQAC","false","0050E000005VHptQAG","2019-09-18T15:42:06.000Z","","","UG-0000010","Zona B","0050Y000000NtQOQA0","RispPoll;VisRis","B","2019-09-18T15:42:07.000Z","Zona","a4n0E000000n1bUQAQ"
"After Sales;Marketing;Sales;TIM;TFS;TFM","After Sales;Marketing;Sales;TIM;TFS;TFM","0050Y000000NtQOQA0","2019-07-19T12:25:57.000Z","a4o0E0000000iZ1QAI","a4q0E000000E78bQAC","false","0050E000005VHptQAG","2019-09-18T15:42:06.000Z","","","UG-0000071","Zona 1","0050Y000000NtQOQA0","RispPoll;VisRis","1","2019-09-18T15:42:07.000Z","Zona","a4n0E000000n1c1QAA"
"After Sales;Marketing;Sales;TIM;TFS;TFM","After Sales;Marketing;Sales;TIM;TFS;TFM","0050Y000000NtQOQA0","2019-07-19T12:25:57.000Z","a4o0E0000000iZ1QAI","a4q0E000000E78cQAC","false","0050E000005VHptQAG","2019-09-18T15:42:06.000Z","","","UG-0000072","Zona 1","0050Y000000NtQOQA0","RispPoll;VisRis","1","2019-09-18T15:42:07.000Z","Zona","a4n0E000000n1c2QAA"
"After Sales;Marketing;Sales;TIM;TFS;TFM","After Sales;Marketing;Sales;TIM;TFS;TFM","0050Y000000NtQOQA0","2019-07-19T12:25:57.000Z","a4o0E0000000iZ1QAI","a4q0E000000E78dQAC","false","0050E000005VHptQAG","2019-09-18T15:42:06.000Z","","","UG-0000073","Zona 1","0050Y000000NtQOQA0","RispPoll;VisRis","1","2019-09-18T15:42:07.000Z","Zona","a4n0E000000n1bvQAA"
"After Sales;Marketing;Sales;TIM;TFS;TFM","After Sales;Marketing;Sales;TIM;TFS;TFM","0050Y000000NtQOQA0","2019-07-19T12:25:57.000Z","a4o0E0000000iZ1QAI","a4q0E000000E78eQAC","false","0050E000005VHptQAG","2019-09-18T15:42:06.000Z","","","UG-0000074","Zona 1","0050Y000000NtQOQA0","RispPoll;VisRis","1","2019-09-18T15:42:07.000Z","Zona","a4n0E000000n1bzQAA"
"After Sales;Marketing;Sales;TIM;TFS;TFM","After Sales;Marketing;Sales;TIM;TFS;TFM","0050Y000000NtQOQA0","2019-07-19T12:25:57.000Z","a4o0E0000000iZ2QAI","a4q0E000000E78fQAC","false","0050E000005VHptQAG","2019-09-18T15:42:06.000Z","","","UG-0000075","Zona 2","0050Y000000NtQOQA0","RispPoll;VisRis","2","2019-09-18T15:42:07.000Z","Zona","a4n0E000000n1biQAA"
"After Sales;Marketing;Sales;TIM;TFS;TFM","After Sales;Marketing;Sales;TIM;TFS;TFM","0050Y000000NtQOQA0","2019-07-19T12:25:57.000Z","a4o0E0000000iYyQAI","a4q0E000000E78WQAS","false","0050E000005VHptQAG","2019-09-18T15:42:06.000Z","","","UG-0000066","Zona I","0050Y000000NtQOQA0","RispPoll;VisRis","I","2019-09-18T15:42:07.000Z","Zona","a4n0E000000n1cOQAQ"
"After Sales;Marketing;Sales;TIM;TFS;TFM","After Sales;Marketing;Sales;TIM;TFS;TFM","0050Y000000NtQOQA0","2019-07-19T12:25:57.000Z","a4o0E0000000iYyQAI","a4q0E000000E78XQAS","false","0050E000005VHptQAG","2019-09-18T15:42:06.000Z","","","UG-0000067","Zona I","0050Y000000NtQOQA0","RispPoll;VisRis","I","2019-09-18T15:42:07.000Z","Zona","a4n0E000000n1cPQAQ"
"After Sales;Marketing;Sales;TIM;TFS;TFM","After Sales;Marketing;Sales;TIM;TFS;TFM","0050Y000000NtQOQA0","2019-07-19T12:25:57.000Z","a4o0E0000000iYyQAI","a4q0E000000E78YQAS","false","0050E000005VHptQAG","2019-09-18T15:42:06.000Z","","","UG-0000068","Zona I","0050Y000000NtQOQA0","RispPoll;VisRis","I","2019-09-18T15:42:07.000Z","Zona","a4n0E000000n1cQQAQ"
"After Sales;Marketing;Sales;TIM;TFS;TFM","After Sales;Marketing;Sales;TIM;TFS;TFM","0050Y000000NtQOQA0","2019-07-19T12:25:57.000Z","a4o0E0000000iZ1QAI","a4q0E000000E78ZQAS","false","0050E000005VHptQAG","2019-09-18T15:42:06.000Z","","","UG-0000069","Zona 1","0050Y000000NtQOQA0","RispPoll;VisRis","1","2019-09-18T15:42:07.000Z","Zona","a4n0E000000n1cRQAQ"
"After Sales;Marketing;Sales;TIM;TFS;TFM","After Sales;Marketing;Sales;TIM;TFS;TFM","0050Y000000NtQOQA0","2019-07-19T12:25:57.000Z","a4o0E0000000iZ1QAI","a4q0E000000E78aQAC","false","0050E000005VHptQAG","2019-09-18T15:42:06.000Z","","","UG-0000070","Zona 1","0050Y000000NtQOQA0","RispPoll;VisRis","1","2019-09-18T15:42:07.000Z","Zona","a4n0E000000n1bqQAA"
"After Sales;Marketing;Sales;TIM;TFS;TFM","After Sales;Marketing;Sales;TIM;TFS;TFM","0050Y000000NtQOQA0","2019-07-19T12:25:57.000Z","a4o0E0000000iZ2QAI","a4q0E000000E78gQAC","false","0050E000005VHptQAG","2019-09-18T15:42:06.000Z","","","UG-0000076","Zona 2","0050Y000000NtQOQA0","RispPoll;VisRis","2","2019-09-18T15:42:07.000Z","Zona","a4n0E000000n1bjQAA"
"After Sales;Marketing;Sales;TIM;TFS;TFM","After Sales;Marketing;Sales;TIM;TFS;TFM","0050Y000000NtQOQA0","2019-07-19T12:25:57.000Z","a4o0E0000000iZ2QAI","a4q0E000000E78hQAC","false","0050E000005VHptQAG","2019-09-18T15:42:06.000Z","","","UG-0000077","Zona 2","0050Y000000NtQOQA0","RispPoll;VisRis","2","2019-09-18T15:42:07.000Z","Zona","a4n0E000000n1bRQAQ"
"After Sales;Marketing;Sales;TIM;TFS;TFM","After Sales;Marketing;Sales;TIM;TFS;TFM","0050Y000000NtQOQA0","2019-07-19T12:25:57.000Z","a4o0E0000000iZ2QAI","a4q0E000000E78iQAC","false","0050E000005VHptQAG","2019-09-18T15:42:06.000Z","","","UG-0000078","Zona 2","0050Y000000NtQOQA0","RispPoll;VisRis","2","2019-09-18T15:42:07.000Z","Zona","a4n0E000000n1boQAA"
"After Sales;Marketing;Sales;TIM;TFS;TFM","After Sales;Marketing;Sales;TIM;TFS;TFM","0050Y000000NtQOQA0","2019-07-19T12:25:57.000Z","a4o0E0000000iZ2QAI","a4q0E000000E78jQAC","false","0050E000005VHptQAG","2019-09-18T15:42:06.000Z","","","UG-0000079","Zona 2","0050Y000000NtQOQA0","RispPoll;VisRis","2","2019-09-18T15:42:07.000Z","Zona","a4n0E000000n1blQAA"
"After Sales;Marketing;Sales;TIM;TFS;TFM","After Sales;Marketing;Sales;TIM;TFS;TFM","0050Y000000NtQOQA0","2019-07-19T12:25:57.000Z","a4o0E0000000iZ2QAI","a4q0E000000E78kQAC","false","0050E000005VHptQAG","2019-09-18T15:42:06.000Z","","","UG-0000080","Zona 2","0050Y000000NtQOQA0","RispPoll;VisRis","2","2019-09-18T15:42:07.000Z","Zona","a4n0E000000n1bOQAQ"
"After Sales;Marketing;Sales;TIM;TFS;TFM","Sales","0050Y000000NtQOQA0","2019-07-19T12:25:59.000Z","a4o0E0000000iYqQAI","a4q0E000000E79AQAS","false","0050E000005VHptQAG","2019-09-18T15:42:06.000Z","","","UG-0000106","Zona C","0050Y000000NtQOQA0","VisRis","C","2019-09-18T15:42:07.000Z","Zona","a4n0E000000n1cZQAQ"
"After Sales;Marketing;Sales;TIM;TFS;TFM","Sales","0050Y000000NtQOQA0","2019-07-19T12:25:59.000Z","a4o0E0000000iYsQAI","a4q0E000000E79BQAS","false","0050E000005VHptQAG","2019-09-18T15:42:06.000Z","","","UG-0000107","Zona D","0050Y000000NtQOQA0","VisRis","D","2019-09-18T15:42:07.000Z","Zona","a4n0E000000n1caQAA"
"After Sales;Marketing;Sales;TIM;TFS;TFM","Sales","0050Y000000NtQOQA0","2019-07-19T12:25:59.000Z","a4o0E0000000iYtQAI","a4q0E000000E79CQAS","false","0050E000005VHptQAG","2019-09-18T15:42:06.000Z","","","UG-0000108","Zona E","0050Y000000NtQOQA0","VisRis","E","2019-09-18T15:42:07.000Z","Zona","a4n0E000000n1cbQAA"
"After Sales;Marketing;Sales;TIM;TFS;TFM","Sales","0050Y000000NtQOQA0","2019-07-19T12:25:59.000Z","a4o0E0000000iYuQAI","a4q0E000000E79DQAS","false","0050E000005VHptQAG","2019-09-18T15:42:06.000Z","","","UG-0000109","Zona F","0050Y000000NtQOQA0","VisRis","F","2019-09-18T15:42:07.000Z","Zona","a4n0E000000n1ccQAA"
"After Sales;Marketing;Sales;TIM;TFS;TFM","Sales","0050Y000000NtQOQA0","2019-07-19T12:25:59.000Z","a4o0E0000000iYwQAI","a4q0E000000E79EQAS","false","0050E000005VHptQAG","2019-09-18T15:42:06.000Z","","","UG-0000110","Zona G","0050Y000000NtQOQA0","VisRis","G","2019-09-18T15:42:07.000Z","Zona","a4n0E000000n1cdQAA"
"After Sales;Marketing;Sales;TIM;TFS;TFM","After Sales;Marketing;Sales;TIM;TFS;TFM","0050Y000000NtQOQA0","2019-07-19T12:25:53.000Z","a4o0E0000000iYoQAI","a4q0E000000E77TQAS","false","0050E000005VHptQAG","2019-09-18T15:42:06.000Z","","","UG-0000001","Zona A","0050Y000000NtQOQA0","RispPoll;VisRis","A","2019-09-18T15:42:07.000Z","Zona","a4n0E000000n1bKQAQ"
"After Sales;Marketing;Sales;TIM;TFS;TFM","After Sales;Marketing;Sales;TIM;TFS;TFM","0050Y000000NtQOQA0","2019-07-19T12:25:53.000Z","a4o0E0000000iYoQAI","a4q0E000000E77UQAS","false","0050E000005VHptQAG","2019-09-18T15:42:06.000Z","","","UG-0000002","Zona A","0050Y000000NtQOQA0","RispPoll;VisRis","A","2019-09-18T15:42:07.000Z","Zona","a4n0E000000n1bMQAQ"
"After Sales;Marketing;Sales;TIM;TFS;TFM","After Sales;Marketing;Sales;TIM;TFS;TFM","0050Y000000NtQOQA0","2019-07-19T12:25:53.000Z","a4o0E0000000iYoQAI","a4q0E000000E77VQAS","false","0050E000005VHptQAG","2019-09-18T15:42:06.000Z","","","UG-0000003","Zona A","0050Y000000NtQOQA0","RispPoll;VisRis","A","2019-09-18T15:42:07.000Z","Zona","a4n0E000000n1bNQAQ"
"After Sales;Marketing;Sales;TIM;TFS;TFM","After Sales;Marketing;Sales;TIM;TFS;TFM","0050Y000000NtQOQA0","2019-07-19T12:25:53.000Z","a4o0E0000000iYoQAI","a4q0E000000E77WQAS","false","0050E000005VHptQAG","2019-09-18T15:42:06.000Z","","","UG-0000004","Zona A","0050Y000000NtQOQA0","RispPoll;VisRis","A","2019-09-18T15:42:07.000Z","Zona","a4n0E000000n1bOQAQ"
"After Sales;Marketing;Sales;TIM;TFS;TFM","After Sales;Marketing;Sales;TIM;TFS;TFM","0050Y000000NtQOQA0","2019-07-19T12:25:53.000Z","a4o0E0000000iYoQAI","a4q0E000000E77XQAS","false","0050E000005VHptQAG","2019-09-18T15:42:06.000Z","","","UG-0000005","Zona A","0050Y000000NtQOQA0","RispPoll;VisRis","A","2019-09-18T15:42:07.000Z","Zona","a4n0E000000n1bPQAQ"
"After Sales;Marketing;Sales;TIM;TFS;TFM","After Sales;Marketing;Sales;TIM;TFS;TFM","0050Y000000NtQOQA0","2019-07-19T12:25:55.000Z","a4o0E0000000iYqQAI","a4q0E000000E77nQAC","false","0050E000005VHptQAG","2019-09-18T15:42:06.000Z","","","UG-0000021","Zona C","0050Y000000NtQOQA0","RispPoll;VisRis","C","2019-09-18T15:42:07.000Z","Zona","a4n0E000000n1bfQAA"
"After Sales;Marketing;Sales;TIM;TFS;TFM","After Sales;Marketing;Sales;TIM;TFS;TFM","0050Y000000NtQOQA0","2019-07-19T12:25:55.000Z","a4o0E0000000iYqQAI","a4q0E000000E77oQAC","false","0050E000005VHptQAG","2019-09-18T15:42:06.000Z","","","UG-0000022","Zona C","0050Y000000NtQOQA0","RispPoll;VisRis","C","2019-09-18T15:42:07.000Z","Zona","a4n0E000000n1bgQAA"
"After Sales;Marketing;Sales;TIM;TFS;TFM","After Sales;Marketing;Sales;TIM;TFS;TFM","0050Y000000NtQOQA0","2019-07-19T12:25:55.000Z","a4o0E0000000iYtQAI","a4q0E000000E782QAC","false","0050E000005VHptQAG","2019-09-18T15:42:06.000Z","","","UG-0000036","Zona E","0050Y000000NtQOQA0","RispPoll;VisRis","E","2019-09-18T15:42:07.000Z","Zona","a4n0E000000n1buQAA"
"After Sales;Marketing;Sales;TIM;TFS;TFM","After Sales;Marketing;Sales;TIM;TFS;TFM","0050Y000000NtQOQA0","2019-07-19T12:25:55.000Z","a4o0E0000000iYtQAI","a4q0E000000E783QAC","false","0050E000005VHptQAG","2019-09-18T15:42:06.000Z","","","UG-0000037","Zona E","0050Y000000NtQOQA0","RispPoll;VisRis","E","2019-09-18T15:42:07.000Z","Zona","a4n0E000000n1bvQAA"
"After Sales;Marketing;Sales;TIM;TFS;TFM","After Sales;Marketing;Sales;TIM;TFS;TFM","0050Y000000NtQOQA0","2019-07-19T12:25:55.000Z","a4o0E0000000iYuQAI","a4q0E000000E784QAC","false","0050E000005VHptQAG","2019-09-18T15:42:06.000Z","","","UG-0000038","Zona F","0050Y000000NtQOQA0","RispPoll;VisRis","F","2019-09-18T15:42:07.000Z","Zona","a4n0E000000n1bwQAA"
"After Sales;Marketing;Sales;TIM;TFS;TFM","After Sales;Marketing;Sales;TIM;TFS;TFM","0050Y000000NtQOQA0","2019-07-19T12:25:55.000Z","a4o0E0000000iYuQAI","a4q0E000000E785QAC","false","0050E000005VHptQAG","2019-09-18T15:42:06.000Z","","","UG-0000039","Zona F","0050Y000000NtQOQA0","RispPoll;VisRis","F","2019-09-18T15:42:07.000Z","Zona","a4n0E000000n1bxQAA"
"After Sales;Marketing;Sales;TIM;TFS;TFM","After Sales;Marketing;Sales;TIM;TFS;TFM","0050Y000000NtQOQA0","2019-07-19T12:25:55.000Z","a4o0E0000000iYuQAI","a4q0E000000E786QAC","false","0050E000005VHptQAG","2019-09-18T15:42:06.000Z","","","UG-0000040","Zona F","0050Y000000NtQOQA0","RispPoll;VisRis","F","2019-09-18T15:42:07.000Z","Zona","a4n0E000000n1byQAA"
"After Sales;Marketing;Sales;TIM;TFS;TFM","After Sales;Marketing;Sales;TIM;TFS;TFM","0050Y000000NtQOQA0","2019-07-19T12:25:56.000Z","a4o0E0000000iYuQAI","a4q0E000000E787QAC","false","0050E000005VHptQAG","2019-09-18T15:42:06.000Z","","","UG-0000041","Zona F","0050Y000000NtQOQA0","RispPoll;VisRis","F","2019-09-18T15:42:07.000Z","Zona","a4n0E000000n1bzQAA"
"After Sales;Marketing;Sales;TIM;TFS;TFM","After Sales;Marketing;Sales;TIM;TFS;TFM","0050Y000000NtQOQA0","2019-07-19T12:25:56.000Z","a4o0E0000000iYuQAI","a4q0E000000E788QAC","false","0050E000005VHptQAG","2019-09-18T15:42:06.000Z","","","UG-0000042","Zona F","0050Y000000NtQOQA0","RispPoll;VisRis","F","2019-09-18T15:42:07.000Z","Zona","a4n0E000000n1c0QAA"
"After Sales;Marketing;Sales;TIM;TFS;TFM","After Sales;Marketing;Sales;TIM;TFS;TFM","0050Y000000NtQOQA0","2019-07-19T12:25:56.000Z","a4o0E0000000iYuQAI","a4q0E000000E789QAC","false","0050E000005VHptQAG","2019-09-18T15:42:06.000Z","","","UG-0000043","Zona F","0050Y000000NtQOQA0","RispPoll;VisRis","F","2019-09-18T15:42:07.000Z","Zona","a4n0E000000n1c1QAA"
"After Sales;Marketing;Sales;TIM;TFS;TFM","After Sales;Marketing;Sales;TIM;TFS;TFM","0050Y000000NtQOQA0","2019-07-19T12:25:56.000Z","a4o0E0000000iYuQAI","a4q0E000000E78AQAS","false","0050E000005VHptQAG","2019-09-18T15:42:06.000Z","","","UG-0000044","Zona F","0050Y000000NtQOQA0","RispPoll;VisRis","F","2019-09-18T15:42:07.000Z","Zona","a4n0E000000n1c2QAA"
"After Sales;Marketing;Sales;TIM;TFS;TFM","After Sales;Marketing;Sales;TIM;TFS;TFM","0050Y000000NtQOQA0","2019-07-19T12:25:56.000Z","a4o0E0000000iYwQAI","a4q0E000000E78BQAS","false","0050E000005VHptQAG","2019-09-18T15:42:06.000Z","","","UG-0000045","Zona G","0050Y000000NtQOQA0","RispPoll;VisRis","G","2019-09-18T15:42:07.000Z","Zona","a4n0E000000n1c3QAA"
"After Sales;Marketing;Sales;TIM;TFS;TFM","After Sales;Marketing;Sales;TIM;TFS;TFM","0050Y000000NtQOQA0","2019-07-19T12:25:56.000Z","a4o0E0000000iYwQAI","a4q0E000000E78HQAS","false","0050E000005VHptQAG","2019-09-18T15:42:06.000Z","","","UG-0000051","Zona G","0050Y000000NtQOQA0","RispPoll;VisRis","G","2019-09-18T15:42:07.000Z","Zona","a4n0E000000n1c9QAA"
"After Sales;Marketing;Sales;TIM;TFS;TFM","After Sales;Marketing;Sales;TIM;TFS;TFM","0050Y000000NtQOQA0","2019-07-19T12:25:56.000Z","a4o0E0000000iYwQAI","a4q0E000000E78IQAS","false","0050E000005VHptQAG","2019-09-18T15:42:06.000Z","","","UG-0000052","Zona G","0050Y000000NtQOQA0","RispPoll;VisRis","G","2019-09-18T15:42:07.000Z","Zona","a4n0E000000n1cAQAQ"
"After Sales;Marketing;Sales;TIM;TFS;TFM","After Sales;Marketing;Sales;TIM;TFS;TFM","0050Y000000NtQOQA0","2019-07-19T12:25:56.000Z","a4o0E0000000iYwQAI","a4q0E000000E78JQAS","false","0050E000005VHptQAG","2019-09-18T15:42:06.000Z","","","UG-0000053","Zona G","0050Y000000NtQOQA0","RispPoll;VisRis","G","2019-09-18T15:42:07.000Z","Zona","a4n0E000000n1cBQAQ"
"After Sales;Marketing;Sales;TIM;TFS;TFM","After Sales;Marketing;Sales;TIM;TFS;TFM","0050Y000000NtQOQA0","2019-07-19T12:25:56.000Z","a4o0E0000000iYwQAI","a4q0E000000E78KQAS","false","0050E000005VHptQAG","2019-09-18T15:42:06.000Z","","","UG-0000054","Zona G","0050Y000000NtQOQA0","RispPoll;VisRis","G","2019-09-18T15:42:07.000Z","Zona","a4n0E000000n1cCQAQ"
"After Sales;Marketing;Sales;TIM;TFS;TFM","After Sales;Marketing;Sales;TIM;TFS;TFM","0050Y000000NtQOQA0","2019-07-19T12:25:56.000Z","a4o0E0000000iYxQAI","a4q0E000000E78LQAS","false","0050E000005VHptQAG","2019-09-18T15:42:06.000Z","","","UG-0000055","Zona H","0050Y000000NtQOQA0","RispPoll;VisRis","H","2019-09-18T15:42:07.000Z","Zona","a4n0E000000n1cDQAQ"
"After Sales;Marketing;Sales;TIM;TFS;TFM","After Sales;Marketing;Sales;TIM;TFS;TFM","0050Y000000NtQOQA0","2019-07-19T12:25:57.000Z","a4o0E0000000iYxQAI","a4q0E000000E78RQAS","false","0050E000005VHptQAG","2019-09-18T15:42:06.000Z","","","UG-0000061","Zona H","0050Y000000NtQOQA0","RispPoll;VisRis","H","2019-09-18T15:42:07.000Z","Zona","a4n0E000000n1cIQAQ"
"After Sales;Marketing;Sales;TIM;TFS;TFM","After Sales;Marketing;Sales;TIM;TFS;TFM","0050Y000000NtQOQA0","2019-07-19T12:25:55.000Z","a4o0E0000000iYqQAI","a4q0E000000E77pQAC","false","0050E000005VHptQAG","2019-09-18T15:42:06.000Z","","","UG-0000023","Zona C","0050Y000000NtQOQA0","RispPoll;VisRis","C","2019-09-18T15:42:07.000Z","Zona","a4n0E000000n1bhQAA"
"After Sales;Marketing;Sales;TIM;TFS;TFM","After Sales;Marketing;Sales;TIM;TFS;TFM","0050Y000000NtQOQA0","2019-07-19T12:25:55.000Z","a4o0E0000000iYsQAI","a4q0E000000E77qQAC","false","0050E000005VHptQAG","2019-09-18T15:42:06.000Z","","","UG-0000024","Zona D","0050Y000000NtQOQA0","RispPoll;VisRis","D","2019-09-18T15:42:07.000Z","Zona","a4n0E000000n1biQAA"
"After Sales;Marketing;Sales;TIM;TFS;TFM","After Sales;Marketing;Sales;TIM;TFS;TFM","0050Y000000NtQOQA0","2019-07-19T12:25:55.000Z","a4o0E0000000iYsQAI","a4q0E000000E77rQAC","false","0050E000005VHptQAG","2019-09-18T15:42:06.000Z","","","UG-0000025","Zona D","0050Y000000NtQOQA0","RispPoll;VisRis","D","2019-09-18T15:42:07.000Z","Zona","a4n0E000000n1bjQAA"
"After Sales;Marketing;Sales;TIM;TFS;TFM","After Sales;Marketing;Sales;TIM;TFS;TFM","0050Y000000NtQOQA0","2019-07-19T12:25:58.000Z","a4o0E0000000iZ4QAI","a4q0E000000E78vQAC","false","0050E000005VHptQAG","2019-09-18T15:42:06.000Z","","","UG-0000091","Zona 4","0050Y000000NtQOQA0","RispPoll;VisRis","4","2019-09-18T15:42:07.000Z","Zona","a4n0E000000n1c5QAA"
"After Sales;Marketing;Sales;TIM;TFS;TFM","After Sales;Marketing;Sales;TIM;TFS;TFM","0050Y000000NtQOQA0","2019-07-19T12:25:58.000Z","a4o0E0000000iZ4QAI","a4q0E000000E78wQAC","false","0050E000005VHptQAG","2019-09-18T15:42:06.000Z","","","UG-0000092","Zona 4","0050Y000000NtQOQA0","RispPoll;VisRis","4","2019-09-18T15:42:07.000Z","Zona","a4n0E000000n1bMQAQ"
"After Sales;Marketing;Sales;TIM;TFS;TFM","After Sales;Marketing;Sales;TIM;TFS;TFM","0050Y000000NtQOQA0","2019-07-19T12:25:58.000Z","a4o0E0000000iZ4QAI","a4q0E000000E78xQAC","false","0050E000005VHptQAG","2019-09-18T15:42:06.000Z","","","UG-0000093","Zona 4","0050Y000000NtQOQA0","RispPoll;VisRis","4","2019-09-18T15:42:07.000Z","Zona","a4n0E000000n1baQAA"
"After Sales;Marketing;Sales;TIM;TFS;TFM","After Sales;Marketing;Sales;TIM;TFS;TFM","0050Y000000NtQOQA0","2019-07-19T12:25:58.000Z","a4o0E0000000iZ4QAI","a4q0E000000E78yQAC","false","0050E000005VHptQAG","2019-09-18T15:42:06.000Z","","","UG-0000094","Zona 4","0050Y000000NtQOQA0","RispPoll;VisRis","4","2019-09-18T15:42:07.000Z","Zona","a4n0E000000n1bZQAQ"
"After Sales;Marketing;Sales;TIM;TFS;TFM","After Sales;Marketing;Sales;TIM;TFS;TFM","0050Y000000NtQOQA0","2019-07-19T12:25:58.000Z","a4o0E0000000iZ4QAI","a4q0E000000E78zQAC","false","0050E000005VHptQAG","2019-09-18T15:42:06.000Z","","","UG-0000095","Zona 4","0050Y000000NtQOQA0","RispPoll;VisRis","4","2019-09-18T15:42:07.000Z","Zona","a4n0E000000n1cCQAQ"
"After Sales;Marketing;Sales;TIM;TFS;TFM","Sales","0050Y000000NtQOQA0","2019-07-19T12:25:58.000Z","a4o0E0000000iYnQAI","a4q0E000000E790QAC","false","0050E000005VHptQAG","2019-09-18T15:42:06.000Z","","","UG-0000096","Distretto 1","0050Y000000NtQOQA0","VisRis","1","2019-09-18T15:42:07.000Z","Distretto","a4n0E000000n1cTQAQ"
"After Sales;Marketing;Sales;TIM;TFS;TFM","Sales","0050Y000000NtQOQA0","2019-07-19T12:25:58.000Z","a4o0E0000000iYrQAI","a4q0E000000E791QAC","false","0050E000005VHptQAG","2019-09-18T15:42:06.000Z","","","UG-0000097","Distretto 2","0050Y000000NtQOQA0","VisRis","2","2019-09-18T15:42:07.000Z","Distretto","a4n0E000000n1cUQAQ"
"After Sales;Marketing;Sales;TIM;TFS;TFM","Sales","0050Y000000NtQOQA0","2019-07-19T12:25:58.000Z","a4o0E0000000iYvQAI","a4q0E000000E792QAC","false","0050E000005VHptQAG","2019-09-18T15:42:06.000Z","","","UG-0000098","Distretto 3","0050Y000000NtQOQA0","VisRis","3","2019-09-18T15:42:07.000Z","Distretto","a4n0E000000n1cVQAQ"
"After Sales;Marketing;Sales;TIM;TFS;TFM","Sales","0050Y000000NtQOQA0","2019-07-19T12:25:58.000Z","a4o0E0000000iZ0QAI","a4q0E000000E793QAC","false","0050E000005VHptQAG","2019-09-18T15:42:06.000Z","","","UG-0000099","Distretto U","0050Y000000NtQOQA0","VisRis","U","2019-09-18T15:42:07.000Z","Distretto","a4n0E000000n1cWQAQ"
"After Sales;Marketing;Sales;TIM;TFS;TFM","After Sales","0050Y000000NtQOQA0","2019-07-19T12:25:58.000Z","a4o0E0000000iYnQAI","a4q0E000000E794QAC","false","0050E000005VHptQAG","2019-09-18T15:42:06.000Z","","","UG-0000100","Distretto 1","0050Y000000NtQOQA0","VisRis","1","2019-09-18T15:42:07.000Z","Distretto","a4n0E000000n1cTQAQ"
"After Sales;Marketing;Sales;TIM;TFS;TFM","After Sales","0050Y000000NtQOQA0","2019-07-19T12:25:59.000Z","a4o0E0000000iYvQAI","a4q0E000000E796QAC","false","0050E000005VHptQAG","2019-09-18T15:42:06.000Z","","","UG-0000102","Distretto 3","0050Y000000NtQOQA0","VisRis","3","2019-09-18T15:42:07.000Z","Distretto","a4n0E000000n1cVQAQ"
"After Sales;Marketing;Sales;TIM;TFS;TFM","After Sales","0050Y000000NtQOQA0","2019-07-19T12:25:59.000Z","a4o0E0000000iZ0QAI","a4q0E000000E797QAC","false","0050E000005VHptQAG","2019-09-18T15:42:06.000Z","","","UG-0000103","Distretto U","0050Y000000NtQOQA0","VisRis","U","2019-09-18T15:42:07.000Z","Distretto","a4n0E000000n1cWQAQ"
"After Sales;Marketing;Sales;TIM;TFS;TFM","Sales","0050Y000000NtQOQA0","2019-07-19T12:25:59.000Z","a4o0E0000000iYoQAI","a4q0E000000E798QAC","false","0050E000005VHptQAG","2019-09-18T15:42:06.000Z","","","UG-0000104","Zona A","0050Y000000NtQOQA0","VisRis","A","2019-09-18T15:42:07.000Z","Zona","a4n0E000000n1cXQAQ"
"After Sales;Marketing;Sales;TIM;TFS;TFM","Sales","0050Y000000NtQOQA0","2019-07-19T12:25:59.000Z","a4o0E0000000iYpQAI","a4q0E000000E799QAC","false","0050E000005VHptQAG","2019-09-18T15:42:06.000Z","","","UG-0000105","Zona B","0050Y000000NtQOQA0","VisRis","B","2019-09-18T15:42:07.000Z","Zona","a4n0E000000n1cYQAQ"
"After Sales;Marketing;Sales;TIM;TFS;TFM","After Sales","0050Y000000NtQOQA0","2019-07-19T12:25:59.000Z","a4o0E0000000iYrQAI","a4q0E000000E795QAC","false","0050E000005VHptQAG","2019-09-18T15:42:06.000Z","","","UG-0000101","Distretto 2","0050Y000000NtQOQA0","VisRis","2","2019-09-18T15:42:07.000Z","Distretto","a4n0E000000n1cUQAQ"
"After Sales;Marketing;Sales;TIM;TFS;TFM","After Sales;Marketing;Sales;TIM;TFS;TFM","0050Y000000NtQOQA0","2019-07-19T12:26:00.000Z","a4o0E0000000iZ1QAI","a4q0E000000E79eQAC","false","0050E000005VHptQAG","2019-09-18T15:42:06.000Z","","","UG-0000136","Zona 1","0050Y000000NtQOQA0","RispPoll;VisRis","1","2019-09-18T15:42:07.000Z","Zona","a4n0E000000n1bJQAQ"
"After Sales;Marketing;Sales;TIM;TFS;TFM","After Sales;Marketing;Sales;TIM;TFS;TFM","0050Y000000NtQOQA0","2019-07-19T12:25:55.000Z","a4o0E0000000iYtQAI","a4q0E000000E77xQAC","false","0050E000005VHptQAG","2019-09-18T15:42:06.000Z","","","UG-0000031","Zona E","0050Y000000NtQOQA0","RispPoll;VisRis","E","2019-09-18T15:42:07.000Z","Zona","a4n0E000000n1bpQAA"
"After Sales;Marketing;Sales;TIM;TFS;TFM","After Sales;Marketing;Sales;TIM;TFS;TFM","0050Y000000NtQOQA0","2019-07-19T12:25:55.000Z","a4o0E0000000iYtQAI","a4q0E000000E77yQAC","false","0050E000005VHptQAG","2019-09-18T15:42:06.000Z","","","UG-0000032","Zona E","0050Y000000NtQOQA0","RispPoll;VisRis","E","2019-09-18T15:42:07.000Z","Zona","a4n0E000000n1bqQAA"
"After Sales;Marketing;Sales;TIM;TFS;TFM","After Sales;Marketing;Sales;TIM;TFS;TFM","0050Y000000NtQOQA0","2019-07-19T12:25:55.000Z","a4o0E0000000iYtQAI","a4q0E000000E77zQAC","false","0050E000005VHptQAG","2019-09-18T15:42:06.000Z","","","UG-0000033","Zona E","0050Y000000NtQOQA0","RispPoll;VisRis","E","2019-09-18T15:42:07.000Z","Zona","a4n0E000000n1brQAA"
"After Sales;Marketing;Sales;TIM;TFS;TFM","After Sales;Marketing;Sales;TIM;TFS;TFM","0050Y000000NtQOQA0","2019-07-19T12:25:55.000Z","a4o0E0000000iYtQAI","a4q0E000000E780QAC","false","0050E000005VHptQAG","2019-09-18T15:42:06.000Z","","","UG-0000034","Zona E","0050Y000000NtQOQA0","RispPoll;VisRis","E","2019-09-18T15:42:07.000Z","Zona","a4n0E000000n1bsQAA"
"After Sales;Marketing;Sales;TIM;TFS;TFM","After Sales;Marketing;Sales;TIM;TFS;TFM","0050Y000000NtQOQA0","2019-07-19T12:25:55.000Z","a4o0E0000000iYtQAI","a4q0E000000E781QAC","false","0050E000005VHptQAG","2019-09-18T15:42:06.000Z","","","UG-0000035","Zona E","0050Y000000NtQOQA0","RispPoll;VisRis","E","2019-09-18T15:42:07.000Z","Zona","a4n0E000000n1btQAA"
"After Sales;Marketing;Sales;TIM;TFS;TFM","After Sales;Marketing;Sales;TIM;TFS;TFM","0050Y000000NtQOQA0","2019-07-19T12:25:57.000Z","a4o0E0000000iYyQAI","a4q0E000000E78SQAS","false","0050E000005VHptQAG","2019-09-18T15:42:06.000Z","","","UG-0000062","Zona I","0050Y000000NtQOQA0","RispPoll;VisRis","I","2019-09-18T15:42:07.000Z","Zona","a4n0E000000n1cKQAQ"
"After Sales;Marketing;Sales;TIM;TFS;TFM","After Sales;Marketing;Sales;TIM;TFS;TFM","0050Y000000NtQOQA0","2019-07-19T12:25:57.000Z","a4o0E0000000iYyQAI","a4q0E000000E78TQAS","false","0050E000005VHptQAG","2019-09-18T15:42:06.000Z","","","UG-0000063","Zona I","0050Y000000NtQOQA0","RispPoll;VisRis","I","2019-09-18T15:42:07.000Z","Zona","a4n0E000000n1cLQAQ"
"After Sales;Marketing;Sales;TIM;TFS;TFM","After Sales;Marketing;Sales;TIM;TFS;TFM","0050Y000000NtQOQA0","2019-07-19T12:25:57.000Z","a4o0E0000000iYyQAI","a4q0E000000E78UQAS","false","0050E000005VHptQAG","2019-09-18T15:42:06.000Z","","","UG-0000064","Zona I","0050Y000000NtQOQA0","RispPoll;VisRis","I","2019-09-18T15:42:07.000Z","Zona","a4n0E000000n1cMQAQ"
"After Sales;Marketing;Sales;TIM;TFS;TFM","After Sales;Marketing;Sales;TIM;TFS;TFM","0050Y000000NtQOQA0","2019-07-19T12:25:57.000Z","a4o0E0000000iYyQAI","a4q0E000000E78VQAS","false","0050E000005VHptQAG","2019-09-18T15:42:06.000Z","","","UG-0000065","Zona I","0050Y000000NtQOQA0","RispPoll;VisRis","I","2019-09-18T15:42:07.000Z","Zona","a4n0E000000n1cNQAQ"
"After Sales;Marketing;Sales;TIM;TFS;TFM","After Sales;Marketing;Sales;TIM;TFS;TFM","0050Y000000NtQOQA0","2019-07-19T12:25:56.000Z","a4o0E0000000iYxQAI","a4q0E000000E78MQAS","false","0050E000005VHptQAG","2019-09-18T15:42:06.000Z","","","UG-0000056","Zona H","0050Y000000NtQOQA0","RispPoll;VisRis","H","2019-09-18T15:42:07.000Z","Zona","a4n0E000000n1cEQAQ"
"After Sales;Marketing;Sales;TIM;TFS;TFM","After Sales;Marketing;Sales;TIM;TFS;TFM","0050Y000000NtQOQA0","2019-07-19T12:25:56.000Z","a4o0E0000000iYxQAI","a4q0E000000E78NQAS","false","0050E000005VHptQAG","2019-09-18T15:42:06.000Z","","","UG-0000057","Zona H","0050Y000000NtQOQA0","RispPoll;VisRis","H","2019-09-18T15:42:07.000Z","Zona","a4n0E000000n1bLQAQ"
"After Sales;Marketing;Sales;TIM;TFS;TFM","After Sales;Marketing;Sales;TIM;TFS;TFM","0050Y000000NtQOQA0","2019-07-19T12:25:56.000Z","a4o0E0000000iYxQAI","a4q0E000000E78OQAS","false","0050E000005VHptQAG","2019-09-18T15:42:06.000Z","","","UG-0000058","Zona H","0050Y000000NtQOQA0","RispPoll;VisRis","H","2019-09-18T15:42:07.000Z","Zona","a4n0E000000n1cFQAQ"
"After Sales;Marketing;Sales;TIM;TFS;TFM","After Sales;Marketing;Sales;TIM;TFS;TFM","0050Y000000NtQOQA0","2019-07-19T12:25:56.000Z","a4o0E0000000iYxQAI","a4q0E000000E78PQAS","false","0050E000005VHptQAG","2019-09-18T15:42:06.000Z","","","UG-0000059","Zona H","0050Y000000NtQOQA0","RispPoll;VisRis","H","2019-09-18T15:42:07.000Z","Zona","a4n0E000000n1cGQAQ"
"After Sales;Marketing;Sales;TIM;TFS;TFM","After Sales;Marketing;Sales;TIM;TFS;TFM","0050Y000000NtQOQA0","2019-07-19T12:25:56.000Z","a4o0E0000000iYxQAI","a4q0E000000E78QQAS","false","0050E000005VHptQAG","2019-09-18T15:42:06.000Z","","","UG-0000060","Zona H","0050Y000000NtQOQA0","RispPoll;VisRis","H","2019-09-18T15:42:07.000Z","Zona","a4n0E000000n1cHQAQ"
"After Sales;Marketing;Sales;TIM;TFS;TFM","After Sales","0050Y000000NtQOQA0","2019-07-19T12:26:00.000Z","a4o0E0000000iZ1QAI","a4q0E000000E79UQAS","false","0050E000005VHptQAG","2019-09-18T15:42:06.000Z","","","UG-0000126","Zona 1","0050Y000000NtQOQA0","VisRis","1","2019-09-18T15:42:07.000Z","Zona","a4n0E000000n1cgQAA"
"After Sales;Marketing;Sales;TIM;TFS;TFM","After Sales","0050Y000000NtQOQA0","2019-07-19T12:26:00.000Z","a4o0E0000000iZ2QAI","a4q0E000000E79VQAS","false","0050E000005VHptQAG","2019-09-18T15:42:06.000Z","","","UG-0000127","Zona 2","0050Y000000NtQOQA0","VisRis","2","2019-09-18T15:42:07.000Z","Zona","a4n0E000000n1chQAA"
"After Sales;Marketing;Sales;TIM;TFS;TFM","After Sales","0050Y000000NtQOQA0","2019-07-19T12:26:00.000Z","a4o0E0000000iZ3QAI","a4q0E000000E79WQAS","false","0050E000005VHptQAG","2019-09-18T15:42:06.000Z","","","UG-0000128","Zona 3","0050Y000000NtQOQA0","VisRis","3","2019-09-18T15:42:07.000Z","Zona","a4n0E000000n1ciQAA"
"After Sales;Marketing;Sales;TIM;TFS;TFM","After Sales","0050Y000000NtQOQA0","2019-07-19T12:26:00.000Z","a4o0E0000000iZ4QAI","a4q0E000000E79XQAS","false","0050E000005VHptQAG","2019-09-18T15:42:06.000Z","","","UG-0000129","Zona 4","0050Y000000NtQOQA0","VisRis","4","2019-09-18T15:42:07.000Z","Zona","a4n0E000000n1cjQAA"
"After Sales;Marketing;Sales;TIM;TFS;TFM","After Sales;Marketing;Sales;TIM;TFS;TFM","0050Y000000NtQOQA0","2019-07-19T12:26:00.000Z","a4o0E0000000iYlQAI","a4q0E000000E79YQAS","false","0050E000005VHptQAG","2019-09-18T15:42:06.000Z","","","UG-0000130","TMI","0050Y000000NtQOQA0","VisRis","TMI","2019-09-18T15:42:07.000Z","Casa Auto","a4n0E000000n1ctQAA"
"After Sales;Marketing;Sales;TIM;TFS;TFM","After Sales;Marketing;Sales;TIM;TFS;TFM","0050Y000000NtQOQA0","2019-07-19T12:25:58.000Z","a4o0E0000000iZ2QAI","a4q0E000000E78lQAC","false","0050E000005VHptQAG","2019-09-18T15:42:06.000Z","","","UG-0000081","Zona 2","0050Y000000NtQOQA0","RispPoll;VisRis","2","2019-09-18T15:42:07.000Z","Zona","a4n0E000000n1bKQAQ"
"After Sales;Marketing;Sales;TIM;TFS;TFM","After Sales;Marketing;Sales;TIM;TFS;TFM","0050Y000000NtQOQA0","2019-07-19T12:25:58.000Z","a4o0E0000000iZ3QAI","a4q0E000000E78mQAC","false","0050E000005VHptQAG","2019-09-18T15:42:06.000Z","","","UG-0000082","Zona 3","0050Y000000NtQOQA0","RispPoll;VisRis","3","2019-09-18T15:42:07.000Z","Zona","a4n0E000000n1bYQAQ"
"After Sales;Marketing;Sales;TIM;TFS;TFM","After Sales;Marketing;Sales;TIM;TFS;TFM","0050Y000000NtQOQA0","2019-07-19T12:25:58.000Z","a4o0E0000000iZ3QAI","a4q0E000000E78nQAC","false","0050E000005VHptQAG","2019-09-18T15:42:06.000Z","","","UG-0000083","Zona 3","0050Y000000NtQOQA0","RispPoll;VisRis","3","2019-09-18T15:42:07.000Z","Zona","a4n0E000000n1bpQAA"
"After Sales;Marketing;Sales;TIM;TFS;TFM","After Sales;Marketing;Sales;TIM;TFS;TFM","0050Y000000NtQOQA0","2019-07-19T12:25:58.000Z","a4o0E0000000iZ3QAI","a4q0E000000E78oQAC","false","0050E000005VHptQAG","2019-09-18T15:42:06.000Z","","","UG-0000084","Zona 3","0050Y000000NtQOQA0","RispPoll;VisRis","3","2019-09-18T15:42:07.000Z","Zona","a4n0E000000n1bcQAA"
"After Sales;Marketing;Sales;TIM;TFS;TFM","After Sales;Marketing;Sales;TIM;TFS;TFM","0050Y000000NtQOQA0","2019-07-19T12:25:58.000Z","a4o0E0000000iZ3QAI","a4q0E000000E78pQAC","false","0050E000005VHptQAG","2019-09-18T15:42:06.000Z","","","UG-0000085","Zona 3","0050Y000000NtQOQA0","RispPoll;VisRis","3","2019-09-18T15:42:07.000Z","Zona","a4n0E000000n1bXQAQ"
"After Sales;Marketing;Sales;TIM;TFS;TFM","After Sales","0050Y000000NtQOQA0","2019-07-19T12:26:00.000Z","a4o0E0000000iYtQAI","a4q0E000000E79PQAS","false","0050E000005VHptQAG","2019-09-18T15:42:06.000Z","","","UG-0000121","Zona E","0050Y000000NtQOQA0","VisRis","E","2019-09-18T15:42:07.000Z","Zona","a4n0E000000n1coQAA"
"After Sales;Marketing;Sales;TIM;TFS;TFM","After Sales","0050Y000000NtQOQA0","2019-07-19T12:26:00.000Z","a4o0E0000000iYuQAI","a4q0E000000E79QQAS","false","0050E000005VHptQAG","2019-09-18T15:42:06.000Z","","","UG-0000122","Zona F","0050Y000000NtQOQA0","VisRis","F","2019-09-18T15:42:07.000Z","Zona","a4n0E000000n1cpQAA"
"After Sales;Marketing;Sales;TIM;TFS;TFM","After Sales","0050Y000000NtQOQA0","2019-07-19T12:26:00.000Z","a4o0E0000000iYwQAI","a4q0E000000E79RQAS","false","0050E000005VHptQAG","2019-09-18T15:42:06.000Z","","","UG-0000123","Zona G","0050Y000000NtQOQA0","VisRis","G","2019-09-18T15:42:07.000Z","Zona","a4n0E000000n1cqQAA"
"After Sales;Marketing;Sales;TIM;TFS;TFM","After Sales","0050Y000000NtQOQA0","2019-07-19T12:26:00.000Z","a4o0E0000000iYxQAI","a4q0E000000E79SQAS","false","0050E000005VHptQAG","2019-09-18T15:42:06.000Z","","","UG-0000124","Zona H","0050Y000000NtQOQA0","VisRis","H","2019-09-18T15:42:07.000Z","Zona","a4n0E000000n1crQAA"
"After Sales;Marketing;Sales;TIM;TFS;TFM","After Sales","0050Y000000NtQOQA0","2019-07-19T12:26:00.000Z","a4o0E0000000iYyQAI","a4q0E000000E79TQAS","false","0050E000005VHptQAG","2019-09-18T15:42:06.000Z","","","UG-0000125","Zona I","0050Y000000NtQOQA0","VisRis","I","2019-09-18T15:42:07.000Z","Zona","a4n0E000000n1csQAA"
"After Sales;Marketing;Sales;TIM;TFS;TFM","After Sales;Marketing;Sales;TIM;TFS;TFM","0050E000000SMCWQA4","2019-08-08T14:04:37.000Z","a4o0E0000000iZ2QAI","a4q0E000000E8PxQAK","false","0050E000005VHptQAG","2019-09-18T15:42:06.000Z","","","UG-0000151","Zona 2","0050E000000SMCWQA4","RispPoll;VisRis","2","2019-09-18T15:42:07.000Z","Zona","a4n0E000000n1pTQAQ"
"After Sales;Marketing;Sales;TIM;TFS;TFM","After Sales;Marketing;Sales;TIM;TFS;TFM","0050E000005VHptQAG","2019-09-06T12:56:29.000Z","a4o0E0000000iYlQAI","a4q0E000000EAY2QAO","false","0050E000005VHptQAG","2019-09-18T15:42:06.000Z","","","UG-0000137","TMI","0050E000005VHptQAG","VisRis","TMI","2019-09-18T15:42:07.000Z","Casa Auto","a4n0E000000n2APQAY"
"After Sales;Marketing;Sales;TIM;TFS;TFM","After Sales;Marketing;Sales;TIM;TFS;TFM","0050E000005VHptQAG","2019-09-06T12:56:29.000Z","a4o0E0000000iYlQAI","a4q0E000000EAY3QAO","false","0050E000005VHptQAG","2019-09-18T15:42:06.000Z","","","UG-0000138","TMI","0050E000005VHptQAG","VisRis","TMI","2019-09-18T15:42:07.000Z","Casa Auto","a4n0E000000n2AQQAY"
"After Sales;Marketing;Sales;TIM;TFS;TFM","After Sales;Marketing;Sales;TIM;TFS;TFM","0050E000005VHptQAG","2019-09-06T12:56:29.000Z","a4o0E0000000iYoQAI","a4q0E000000EAY4QAO","false","0050E000005VHptQAG","2019-09-18T15:42:06.000Z","","","UG-0000139","Zona A","0050E000005VHptQAG","RispPoll;VisRis","A","2019-09-18T15:42:07.000Z","Zona","a4n0E000000n2ARQAY"
"After Sales;Marketing;Sales;TIM;TFS;TFM","After Sales;Marketing;Sales;TIM;TFS;TFM","0050E000005VHptQAG","2019-09-06T12:56:29.000Z","a4o0E0000000iZ2QAI","a4q0E000000EAY5QAO","false","0050E000005VHptQAG","2019-09-18T15:42:06.000Z","","","UG-0000140","Zona 2","0050E000005VHptQAG","RispPoll;VisRis","2","2019-09-18T15:42:07.000Z","Zona","a4n0E000000n2ARQAY"
"After Sales;Marketing;Sales;TIM;TFS;TFM","After Sales;Marketing;Sales;TIM;TFS;TFM","0050E000005VHptQAG","2019-09-06T12:56:29.000Z","a4o0E0000000iYsQAI","a4q0E000000EAY6QAO","false","0050E000005VHptQAG","2019-09-18T15:42:06.000Z","","","UG-0000141","Zona D","0050E000005VHptQAG","RispPoll;VisRis","D","2019-09-18T15:42:07.000Z","Zona","a4n0E000000n2ASQAY"
"After Sales;Marketing;Sales;TIM;TFS;TFM","After Sales;Marketing;Sales;TIM;TFS;TFM","0050E000005VHptQAG","2019-09-06T12:56:29.000Z","a4o0E0000000iZ3QAI","a4q0E000000EAY7QAO","false","0050E000005VHptQAG","2019-09-18T15:42:06.000Z","","","UG-0000142","Zona 3","0050E000005VHptQAG","RispPoll;VisRis","3","2019-09-18T15:42:07.000Z","Zona","a4n0E000000n2ATQAY"
"After Sales;Marketing;Sales;TIM;TFS;TFM","After Sales;Marketing;Sales;TIM;TFS;TFM","0050E000005VHptQAG","2019-09-06T12:56:29.000Z","a4o0E0000000iYoQAI","a4q0E000000EAY8QAO","false","0050E000005VHptQAG","2019-09-18T15:42:06.000Z","","","UG-0000143","Zona A","0050E000005VHptQAG","RispPoll;VisRis","A","2019-09-18T15:42:07.000Z","Zona","a4n0E000000n2AUQAY"
"After Sales;Marketing;Sales;TIM;TFS;TFM","After Sales;Marketing;Sales;TIM;TFS;TFM","0050E000005VHptQAG","2019-09-06T12:56:29.000Z","a4o0E0000000iZ2QAI","a4q0E000000EAY9QAO","false","0050E000005VHptQAG","2019-09-18T15:42:06.000Z","","","UG-0000144","Zona 2","0050E000005VHptQAG","RispPoll;VisRis","2","2019-09-18T15:42:07.000Z","Zona","a4n0E000000n2AUQAY"
"After Sales;Marketing;Sales;TIM;TFS;TFM","After Sales;Marketing;Sales;TIM;TFS;TFM","0050E000005VHptQAG","2019-09-18T16:02:03.000Z","a4o0E0000000iYlQAI","a4q0E000000EBXSQA4","false","0050E000005VHptQAG","2019-09-18T16:02:03.000Z","","","UG-0000145","TMI","0050E000005VHptQAG","VisRis","TMI","2019-09-18T16:02:03.000Z","Casa Auto","a4n0E000000n2HPQAY"
"After Sales;Marketing;Sales;TIM;TFS;TFM","After Sales;Marketing;Sales;TIM;TFS;TFM","0050E000005VHptQAG","2019-09-18T16:02:03.000Z","a4o0E0000000iYoQAI","a4q0E000000EBXTQA4","false","0050E000005VHptQAG","2019-09-18T16:02:03.000Z","","","UG-0000146","Zona A","0050E000005VHptQAG","RispPoll;VisRis","A","2019-09-18T16:02:03.000Z","Zona","a4n0E000000n2HQQAY"
"After Sales;Marketing;Sales;TIM;TFS;TFM","After Sales;Marketing;Sales;TIM;TFS;TFM","0050E000005VHptQAG","2019-09-18T16:02:03.000Z","a4o0E0000000iZ2QAI","a4q0E000000EBXUQA4","false","0050E000005VHptQAG","2019-09-18T16:02:03.000Z","","","UG-0000147","Zona 2","0050E000005VHptQAG","RispPoll;VisRis","2","2019-09-18T16:02:03.000Z","Zona","a4n0E000000n2HQQAY"
"After Sales;Marketing;Sales;TIM;TFS;TFM","After Sales;Marketing;Sales;TIM;TFS;TFM","0050E000000SMCWQA4","2019-12-16T16:23:15.000Z","a4o0E0000004fFNQAY","a4q0E000000MJiwQAG","false","0050E000000SMCWQA4","2020-04-15T13:35:50.000Z","","","UG-0000132","Zona A","0050E000000SMCWQA4","RispPoll;VisRis","A","2020-04-15T13:35:50.000Z","Zona","a4n0E000000n0wsQAA"
"After Sales;Marketing;Sales;TIM;TFS;TFM","After Sales;Marketing;Sales;TIM;TFS;TFM","0050E000005VHptQAG","2019-09-27T09:42:33.000Z","a4o0E0000000iZ3QAI","a4q0E000000EC7uQAG","false","0050E000005VHptQAG","2019-09-27T09:42:33.000Z","","","UG-0000184","Zona 3","0050E000005VHptQAG","RispPoll;VisRis","3","2019-09-27T09:42:33.000Z","Zona","a4n0E000000n2ASQAY"
"After Sales;Marketing;Sales;TIM;TFS;TFM","After Sales;Marketing;Sales;TIM;TFS;TFM","0050E000005VHptQAG","2019-09-27T09:42:33.000Z","a4o0E0000000iYsQAI","a4q0E000000EC7vQAG","false","0050E000005VHptQAG","2019-09-27T09:42:33.000Z","","","UG-0000185","Zona D","0050E000005VHptQAG","RispPoll;VisRis","D","2019-09-27T09:42:33.000Z","Zona","a4n0E000000n2ATQAY"
"After Sales;Marketing;Sales;TIM;TFS;TFM","After Sales;Marketing;Sales;TIM;TFS;TFM","0050E000005VHptQAG","2019-09-27T09:42:33.000Z","a4o0E0000000iYsQAI","a4q0E000000EC7wQAG","false","0050E000005VHptQAG","2019-09-27T09:42:33.000Z","","","UG-0000186","Zona D","0050E000005VHptQAG","RispPoll;VisRis","D","2019-09-27T09:42:33.000Z","Zona","a4n0E000000n2HcQAI"
"After Sales;Marketing;Sales;TIM;TFS;TFM","After Sales;Marketing;Sales;TIM;TFS;TFM","0050E000000SMCWQA4","2019-12-16T16:23:03.000Z","a4o0E0000004fFIQAY","a4q0E000000MJirQAG","false","0050E000000SMCWQA4","2020-04-15T13:35:19.000Z","","","UG-0000132","Zona 1","0050E000000SMCWQA4","RispPoll;VisRis","1","2020-04-15T13:35:19.000Z","Zona","a4n0E000000n0wsQAA"
"After Sales;Marketing;Sales;TIM;TFS;TFM","After Sales;Marketing;Sales;TIM;TFS;TFM","0050E000005VHptQAG","2019-09-18T15:42:06.000Z","a4o0E0000000iYlQAI","a4q0E000000EBWxQAO","false","0050E000005VHptQAG","2019-09-18T15:42:06.000Z","","","UG-0000153","TMI","0050E000005VHptQAG","RispPoll;VisRis","TMI","2019-09-18T15:42:06.000Z","Casa Auto","a4n0E000000n2HRQAY"
